time,sulfide,sulfite,hydrogen
0.0,60,24,0
1.0,60,24,0
2.0,60,24,0
3.0,60,24,0
4.0,60,24,0
5.0,60,24,0
6.0,60,24,0
7.0,60,24,0
8.0,60,24,0
9.0,60,24,0
10.0,60,24,0
11.0,60,24,0
12.0,60,24,0
13.0,60,24,0
14.0,60,24,0
15.0,60,24,0
16.0,60,24,0
17.0,60,24,0
18.0,60,24,0
19.0,60,24,0
20.0,60,24,0
21.0,60,24,0
22.0,60,24,0
23.0,60,24,0
24.0,60,24,0
25.0,60,24,0
26.0,60,24,0
27.0,60,24,0
28.0,60,24,0
29.0,60,24,0
30.0,60,24,0
31.0,60,24,0
32.0,60,24,0
33.0,60,24,0
34.0,60,24,0
35.0,60,24,0
36.0,60,24,0
37.0,60,24,0
38.0,60,24,0
39.0,60,24,0
40.0,60,24,0
41.0,60,24,0
42.0,60,24,0
43.0,60,24,0
44.0,60,24,0
45.0,60,24,0
46.0,60,24,0
47.0,60,24,0
48.0,60,24,0
49.0,60,24,0
50.0,60,24,0
51.0,60,24,0
52.0,60,24,0
53.0,60,24,0
54.0,60,24,0
55.0,60,24,0
56.0,60,24,0
57.0,60,24,0
58.0,60,24,0
59.0,60,24,0
60.0,60,24,0
61.0,60,24,0
62.0,60,24,0
63.0,60,24,0
64.0,60,24,0
65.0,60,24,0
66.0,60,24,0
67.0,60,24,0
68.0,60,24,0
69.0,60,24,0
70.0,60,24,0
71.0,60,24,0
72.0,60,24,0
73.0,60,24,0
74.0,60,24,0
75.0,60,24,0
76.0,60,24,0
77.0,60,24,0
78.0,60,24,0
79.0,60,24,0
80.0,60,24,0
81.0,60,24,0
82.0,60,24,0
83.0,60,24,0
84.0,60,24,0
85.0,60,24,0
86.0,60,24,0
87.0,60,24,0
88.0,60,24,0
89.0,60,24,0
90.0,60,24,0
91.0,60,24,0
92.0,60,24,0
93.0,60,24,0
94.0,60,24,0
95.0,60,24,0
96.0,60,24,0
97.0,60,24,0
98.0,60,24,0
99.0,60,24,0
100.0,60,24,0
101.0,60,24,0
102.0,60,24,0
103.0,60,24,0
104.0,60,24,0
105.0,60,24,0
106.0,60,24,0
107.0,60,24,0
108.0,60,24,0
109.0,60,24,0
110.0,60,24,0
111.0,60,24,0
112.0,60,24,0
113.0,60,24,0
114.0,60,24,0
115.0,60,24,0
116.0,60,24,0
117.0,60,24,0
118.0,60,24,0
119.0,60,24,0
120.0,60,24,0
121.0,60,24,0
122.0,60,24,0
123.0,60,24,0
124.0,60,24,0
125.0,60,24,0
126.0,60,24,0
127.0,60,24,0
128.0,60,24,0
129.0,60,24,0
130.0,60,24,0
131.0,60,24,0
132.0,60,24,0
133.0,60,24,0
134.0,60,24,0
135.0,60,24,0
136.0,60,24,0
137.0,60,24,0
138.0,60,24,0
139.0,60,24,0
140.0,60,24,0
141.0,60,24,0
142.0,60,24,0
143.0,60,24,0
144.0,60,24,0
145.0,60,24,0
146.0,60,24,0
147.0,60,24,0
148.0,60,24,0
149.0,60,24,0
150.0,60,24,0
151.0,60,24,0
152.0,60,24,0
153.0,60,24,0
154.0,60,24,0
155.0,60,24,0
156.0,60,24,0
157.0,60,24,0
158.0,60,24,0
159.0,60,24,0
160.0,60,24,0
161.0,60,24,0
162.0,60,24,0
163.0,60,24,0
164.0,60,24,0
165.0,60,24,0
166.0,60,24,0
167.0,60,24,0
168.0,60,24,0
169.0,60,24,0
170.0,60,24,0
171.0,60,24,0
172.0,60,24,0
173.0,60,24,0
174.0,60,24,0
175.0,60,24,0
176.0,60,24,0
177.0,60,24,0
178.0,60,24,0
179.0,60,24,0
180.0,60,24,0
181.0,60,24,0
182.0,60,24,0
183.0,60,24,0
184.0,60,24,0
185.0,60,24,0
186.0,60,24,0
187.0,60,24,0
188.0,60,24,0
189.0,60,24,0
190.0,60,24,0
191.0,60,24,0
192.0,60,24,0
193.0,60,24,0
194.0,60,24,0
195.0,60,24,0
196.0,60,24,0
197.0,60,24,0
198.0,60,24,0
199.0,60,24,0
200.0,60,24,0
201.0,60,24,0
202.0,60,24,0
203.0,60,24,0
204.0,60,24,0
205.0,60,24,0
206.0,60,24,0
207.0,60,24,0
208.0,60,24,0
209.0,60,24,0
210.0,60,24,0
211.0,60,24,0
212.0,60,24,0
213.0,60,24,0
214.0,60,24,0
215.0,60,24,0
216.0,60,24,0
217.0,60,24,0
218.0,60,24,0
219.0,60,24,0
220.0,60,24,0
221.0,60,24,0
222.0,60,24,0
223.0,60,24,0
224.0,60,24,0
225.0,60,24,0
226.0,60,24,0
227.0,60,24,0
228.0,60,24,0
229.0,60,24,0
230.0,60,24,0
231.0,60,24,0
232.0,60,24,0
233.0,60,24,0
234.0,60,24,0
235.0,60,24,0
236.0,60,24,0
237.0,60,24,0
238.0,60,24,0
239.0,60,24,0
240.0,60,24,0
241.0,60,24,0
242.0,60,24,0
243.0,60,24,0
244.0,60,24,0
245.0,60,24,0
246.0,60,24,0
247.0,60,24,0
248.0,60,24,0
249.0,60,24,0
250.0,60,24,0
251.0,60,24,0
252.0,60,24,0
253.0,60,24,0
254.0,60,24,0
255.0,60,24,0
256.0,60,24,0
257.0,60,24,0
258.0,60,24,0
259.0,60,24,0
260.0,60,24,0
261.0,60,24,0
262.0,60,24,0
263.0,60,24,0
264.0,60,24,0
265.0,60,24,0
266.0,60,24,0
267.0,60,24,0
268.0,60,24,0
269.0,60,24,0
270.0,60,24,0
271.0,60,24,0
272.0,60,24,0
273.0,60,24,0
274.0,60,24,0
275.0,60,24,0
276.0,60,24,0
277.0,60,24,0
278.0,60,24,0
279.0,60,24,0
280.0,60,24,0
281.0,60,24,0
282.0,60,24,0
283.0,60,24,0
284.0,60,24,0
285.0,60,24,0
286.0,60,24,0
287.0,60,24,0
288.0,60,24,0
289.0,60,24,0
290.0,60,24,0
291.0,60,24,0
292.0,60,24,0
293.0,60,24,0
294.0,60,24,0
295.0,60,24,0
296.0,60,24,0
297.0,60,24,0
298.0,60,24,0
299.0,60,24,0
300.0,60,24,0
301.0,60,24,0
302.0,60,24,0
303.0,60,24,0
304.0,60,24,0
305.0,60,24,0
306.0,60,24,0
307.0,60,24,0
308.0,60,24,0
309.0,60,24,0
310.0,60,24,0
311.0,60,24,0
312.0,60,24,0
313.0,60,24,0
314.0,60,24,0
315.0,60,24,0
316.0,60,24,0
317.0,60,24,0
318.0,60,24,0
319.0,60,24,0
320.0,60,24,0
321.0,60,24,0
322.0,60,24,0
323.0,60,24,0
324.0,60,24,0
325.0,60,24,0
326.0,60,24,0
327.0,60,24,0
328.0,60,24,0
329.0,60,24,0
330.0,60,24,0
331.0,60,24,0
332.0,60,24,0
333.0,60,24,0
334.0,60,24,0
335.0,60,24,0
336.0,60,24,0
337.0,60,24,0
338.0,60,24,0
339.0,60,24,0
340.0,60,24,0
341.0,60,24,0
342.0,60,24,0
343.0,60,24,0
344.0,60,24,0
345.0,60,24,0
346.0,60,24,0
347.0,60,24,0
348.0,60,24,0
349.0,60,24,0
350.0,60,24,0
351.0,60,24,0
352.0,60,24,0
353.0,60,24,0
354.0,60,24,0
355.0,60,24,0
356.0,60,24,0
357.0,60,24,0
358.0,60,24,0
359.0,60,24,0
360.0,60,24,0
361.0,60,24,0
362.0,60,24,0
363.0,60,24,0
364.0,60,24,0
365.0,60,24,0
366.0,60,24,0
367.0,60,24,0
368.0,60,24,0
369.0,60,24,0
370.0,60,24,0
371.0,60,24,0
372.0,60,24,0
373.0,60,24,0
374.0,60,24,0
375.0,60,24,0
376.0,60,24,0
377.0,60,24,0
378.0,60,24,0
379.0,60,24,0
380.0,60,24,0
381.0,60,24,0
382.0,60,24,0
383.0,60,24,0
384.0,60,24,0
385.0,60,24,0
386.0,60,24,0
387.0,60,24,0
388.0,60,24,0
389.0,60,24,0
390.0,60,24,0
391.0,60,24,0
392.0,60,24,0
393.0,60,24,0
394.0,60,24,0
395.0,60,24,0
396.0,60,24,0
397.0,60,24,0
398.0,60,24,0
399.0,60,24,0
400.0,60,24,0
401.0,60,24,0
402.0,60,24,0
403.0,60,24,0
404.0,60,24,0
405.0,60,24,0
406.0,60,24,0
407.0,60,24,0
408.0,60,24,0
409.0,60,24,0
410.0,60,24,0
411.0,60,24,0
412.0,60,24,0
413.0,60,24,0
414.0,60,24,0
415.0,60,24,0
416.0,60,24,0
417.0,60,24,0
418.0,60,24,0
419.0,60,24,0
420.0,60,24,0
421.0,60,24,0
422.0,60,24,0
423.0,60,24,0
424.0,60,24,0
425.0,60,24,0
426.0,60,24,0
427.0,60,24,0
428.0,60,24,0
429.0,60,24,0
430.0,60,24,0
431.0,60,24,0
432.0,60,24,0
433.0,60,24,0
434.0,60,24,0
435.0,60,24,0
436.0,60,24,0
437.0,60,24,0
438.0,60,24,0
439.0,60,24,0
440.0,60,24,0
441.0,60,24,0
442.0,60,24,0
443.0,60,24,0
444.0,60,24,0
445.0,60,24,0
446.0,60,24,0
447.0,60,24,0
448.0,60,24,0
449.0,60,24,0
450.0,60,24,0
451.0,60,24,0
452.0,60,24,0
453.0,60,24,0
454.0,60,24,0
455.0,60,24,0
456.0,60,24,0
457.0,60,24,0
458.0,60,24,0
459.0,60,24,0
460.0,60,24,0
461.0,60,24,0
462.0,60,24,0
463.0,60,24,0
464.0,60,24,0
465.0,60,24,0
466.0,60,24,0
467.0,60,24,0
468.0,60,24,0
469.0,60,24,0
470.0,60,24,0
471.0,60,24,0
472.0,60,24,0
473.0,60,24,0
474.0,60,24,0
475.0,60,24,0
476.0,60,24,0
477.0,60,24,0
478.0,60,24,0
479.0,60,24,0
480.0,60,24,0
481.0,60,24,0
482.0,60,24,0
483.0,60,24,0
484.0,60,24,0
485.0,60,24,0
486.0,60,24,0
487.0,60,24,0
488.0,60,24,0
489.0,60,24,0
490.0,60,24,0
491.0,60,24,0
492.0,60,24,0
493.0,60,24,0
494.0,60,24,0
495.0,60,24,0
496.0,60,24,0
497.0,60,24,0
498.0,60,24,0
499.0,60,24,0
500.0,60,24,0
501.0,60,24,0
502.0,60,24,0
503.0,60,24,0
504.0,60,24,0
505.0,60,24,0
506.0,60,24,0
507.0,60,24,0
508.0,60,24,0
509.0,60,24,0
510.0,60,24,0
511.0,60,24,0
512.0,60,24,0
513.0,60,24,0
514.0,60,24,0
515.0,60,24,0
516.0,60,24,0
517.0,60,24,0
518.0,60,24,0
519.0,60,24,0
520.0,60,24,0
521.0,60,24,0
522.0,60,24,1
523.0,60,24,1
524.0,60,24,1
525.0,60,24,1
526.0,60,24,1
527.0,60,24,1
528.0,60,24,1
529.0,60,24,1
530.0,60,24,1
531.0,60,24,1
532.0,60,24,1
533.0,60,24,1
534.0,60,24,1
535.0,60,24,1
536.0,60,24,1
537.0,60,24,1
538.0,60,24,1
539.0,60,24,1
540.0,60,24,1
541.0,60,24,1
542.0,60,24,1
543.0,60,24,1
544.0,60,24,1
545.0,60,24,1
546.0,60,24,1
547.0,60,24,1
548.0,60,24,1
549.0,60,24,1
550.0,60,24,1
551.0,60,24,1
552.0,60,24,1
553.0,60,24,1
554.0,60,24,1
555.0,60,24,1
556.0,60,24,1
557.0,60,24,1
558.0,60,24,1
559.0,60,24,1
560.0,60,24,1
561.0,60,24,1
562.0,60,24,1
563.0,60,24,1
564.0,60,24,1
565.0,60,24,1
566.0,60,24,1
567.0,60,24,1
568.0,60,24,1
569.0,60,24,1
570.0,60,24,1
571.0,60,24,1
572.0,60,24,1
573.0,60,24,1
574.0,60,24,1
575.0,60,24,1
576.0,60,24,1
577.0,60,24,1
578.0,60,24,1
579.0,60,24,1
580.0,60,24,1
581.0,60,24,1
582.0,60,24,1
583.0,60,24,1
584.0,60,24,1
585.0,60,24,1
586.0,60,24,1
587.0,60,24,1
588.0,60,24,1
589.0,60,24,1
590.0,60,24,1
591.0,60,24,1
592.0,60,24,1
593.0,60,24,1
594.0,60,24,1
595.0,60,24,1
596.0,60,24,1
597.0,60,24,1
598.0,60,24,1
599.0,60,24,1
600.0,60,24,1
601.0,60,24,1
602.0,60,24,1
603.0,60,24,1
604.0,60,24,1
605.0,60,24,1
606.0,60,24,1
607.0,60,24,2
608.0,60,24,2
609.0,60,24,2
610.0,60,24,2
611.0,60,24,2
612.0,60,24,2
613.0,60,24,2
614.0,60,24,2
615.0,60,24,2
616.0,60,24,2
617.0,60,24,2
618.0,60,24,2
619.0,60,24,2
620.0,60,24,2
621.0,60,24,2
622.0,60,24,2
623.0,60,24,2
624.0,60,24,2
625.0,60,24,2
626.0,60,24,2
627.0,60,24,2
628.0,60,24,2
629.0,60,24,3
630.0,60,24,3
631.0,60,24,3
632.0,60,24,3
633.0,60,24,3
634.0,60,24,3
635.0,60,24,3
636.0,60,24,3
637.0,60,24,3
638.0,60,24,3
639.0,60,24,3
640.0,60,24,3
641.0,60,24,3
642.0,60,24,3
643.0,60,24,3
644.0,60,24,3
645.0,60,24,3
646.0,60,24,3
647.0,60,24,3
648.0,60,24,3
649.0,60,24,3
650.0,60,24,3
651.0,60,24,3
652.0,60,24,3
653.0,60,24,3
654.0,60,24,3
655.0,60,24,3
656.0,60,24,3
657.0,60,24,3
658.0,60,24,3
659.0,60,24,3
660.0,60,24,3
661.0,60,24,3
662.0,60,24,3
663.0,60,24,3
664.0,60,24,3
665.0,60,24,3
666.0,60,24,3
667.0,60,24,3
668.0,60,24,3
669.0,60,24,3
670.0,60,24,3
671.0,60,24,3
672.0,60,24,3
673.0,60,24,3
674.0,60,24,3
675.0,60,24,3
676.0,60,24,3
677.0,60,24,3
678.0,60,24,3
679.0,60,24,3
680.0,60,24,3
681.0,60,24,3
682.0,60,24,3
683.0,60,24,3
684.0,60,24,3
685.0,60,24,3
686.0,60,24,3
687.0,60,24,3
688.0,60,24,3
689.0,60,24,3
690.0,60,24,3
691.0,60,24,3
692.0,60,24,3
693.0,60,24,3
694.0,60,24,3
695.0,60,24,3
696.0,60,24,3
697.0,60,24,3
698.0,60,24,3
699.0,60,24,3
700.0,60,24,3
701.0,60,24,3
702.0,60,24,3
703.0,60,24,3
704.0,60,24,3
705.0,60,24,3
706.0,60,24,3
707.0,60,24,3
708.0,60,24,3
709.0,60,24,3
710.0,60,24,3
711.0,60,24,3
712.0,60,24,3
713.0,60,24,3
714.0,60,24,3
715.0,60,24,3
716.0,60,24,3
717.0,60,24,3
718.0,60,24,3
719.0,60,24,3
720.0,60,24,3
721.0,60,24,3
722.0,60,24,3
723.0,60,24,3
724.0,60,24,3
725.0,60,24,3
726.0,60,24,3
727.0,60,24,3
728.0,60,24,3
729.0,60,24,3
730.0,60,24,3
731.0,60,24,3
732.0,60,24,3
733.0,60,24,3
734.0,60,24,3
735.0,60,24,3
736.0,60,24,3
737.0,60,24,3
738.0,60,24,3
739.0,60,24,3
740.0,60,24,3
741.0,60,24,3
742.0,60,24,4
743.0,60,24,4
744.0,60,24,4
745.0,60,24,4
746.0,60,24,4
747.0,60,24,4
748.0,60,24,4
749.0,60,24,4
750.0,60,24,4
751.0,60,24,4
752.0,60,24,4
753.0,60,24,4
754.0,60,24,4
755.0,60,24,4
756.0,60,24,4
757.0,60,24,4
758.0,60,24,4
759.0,60,24,4
760.0,60,24,4
761.0,60,24,4
762.0,60,24,4
763.0,60,24,4
764.0,60,24,4
765.0,60,24,4
766.0,60,24,4
767.0,60,24,4
768.0,60,24,4
769.0,60,24,4
770.0,60,24,4
771.0,60,24,4
772.0,60,24,4
773.0,60,24,4
774.0,60,24,4
775.0,60,24,4
776.0,60,24,4
777.0,60,24,4
778.0,60,24,4
779.0,60,24,4
780.0,60,24,4
781.0,60,24,4
782.0,60,24,4
783.0,60,24,4
784.0,60,24,4
785.0,60,24,4
786.0,60,24,4
787.0,60,24,4
788.0,60,24,5
789.0,60,24,5
790.0,60,24,5
791.0,60,24,5
792.0,60,24,5
793.0,60,24,5
794.0,60,24,5
795.0,60,24,5
796.0,60,24,5
797.0,60,24,5
798.0,60,24,5
799.0,60,24,5
800.0,60,24,5
801.0,60,24,5
802.0,60,24,6
803.0,60,24,6
804.0,60,24,6
805.0,60,24,6
806.0,60,24,6
807.0,60,24,6
808.0,60,24,6
809.0,60,24,6
810.0,60,24,6
811.0,60,24,6
812.0,60,24,6
813.0,60,24,6
814.0,60,24,6
815.0,60,24,6
816.0,60,24,6
817.0,60,24,6
818.0,60,24,6
819.0,60,24,6
820.0,60,24,6
821.0,60,24,6
822.0,60,24,6
823.0,60,24,6
824.0,60,24,6
825.0,60,24,6
826.0,60,24,6
827.0,60,24,6
828.0,60,24,6
829.0,60,24,6
830.0,60,24,6
831.0,60,24,6
832.0,60,24,6
833.0,60,24,6
834.0,60,24,6
835.0,60,24,6
836.0,60,24,6
837.0,60,24,6
838.0,60,24,6
839.0,60,24,6
840.0,60,24,6
841.0,60,24,6
842.0,60,24,6
843.0,60,24,6
844.0,60,24,6
845.0,60,24,6
846.0,60,24,6
847.0,60,24,6
848.0,60,24,6
849.0,60,24,6
850.0,60,24,6
851.0,60,24,6
852.0,60,24,6
853.0,60,24,6
854.0,60,24,6
855.0,60,24,6
856.0,60,24,6
857.0,60,24,7
858.0,60,24,7
859.0,60,24,7
860.0,60,24,7
861.0,60,24,7
862.0,60,24,7
863.0,60,24,7
864.0,60,24,7
865.0,60,24,7
866.0,60,24,7
867.0,60,24,7
868.0,60,24,7
869.0,60,24,7
870.0,60,24,7
871.0,60,24,7
872.0,60,24,7
873.0,60,24,7
874.0,60,24,7
875.0,60,24,7
876.0,60,24,7
877.0,60,24,7
878.0,60,24,7
879.0,60,24,7
880.0,60,24,7
881.0,60,24,7
882.0,60,24,7
883.0,60,24,7
884.0,60,24,7
885.0,60,24,7
886.0,60,24,7
887.0,60,24,7
888.0,60,24,7
889.0,60,24,7
890.0,60,24,7
891.0,60,24,7
892.0,60,24,7
893.0,60,24,7
894.0,60,24,7
895.0,60,24,7
896.0,60,24,7
897.0,60,24,7
898.0,60,24,7
899.0,60,24,7
900.0,60,24,7
901.0,60,24,7
902.0,60,24,7
903.0,60,24,7
904.0,60,24,7
905.0,60,24,7
906.0,60,24,7
907.0,60,24,7
908.0,60,24,7
909.0,60,24,7
910.0,60,24,7
911.0,60,24,7
912.0,60,24,7
913.0,60,24,7
914.0,60,24,7
915.0,60,24,7
916.0,60,24,7
917.0,60,24,7
918.0,60,24,7
919.0,60,24,7
920.0,60,24,7
921.0,60,24,7
922.0,60,24,7
923.0,60,24,7
924.0,60,24,7
925.0,60,24,7
926.0,60,24,7
927.0,60,24,7
928.0,60,24,7
929.0,60,24,7
930.0,60,24,7
931.0,60,24,7
932.0,60,24,7
933.0,60,24,7
934.0,60,24,7
935.0,60,24,7
936.0,60,24,7
937.0,60,24,7
938.0,60,24,7
939.0,60,24,7
940.0,60,24,7
941.0,60,24,7
942.0,60,24,7
943.0,60,24,7
944.0,60,24,7
945.0,60,24,7
946.0,60,24,7
947.0,60,24,7
948.0,60,24,7
949.0,60,24,7
950.0,60,24,7
951.0,60,24,7
952.0,60,24,7
953.0,60,24,7
954.0,60,24,7
955.0,60,24,7
956.0,60,24,7
957.0,60,24,7
958.0,60,24,7
959.0,60,24,7
960.0,60,24,7
961.0,60,24,7
962.0,60,24,7
963.0,60,24,7
964.0,60,24,7
965.0,60,24,7
966.0,60,24,7
967.0,60,24,7
968.0,60,24,7
969.0,60,24,7
970.0,60,24,7
971.0,60,24,7
972.0,60,24,7
973.0,60,24,7
974.0,60,24,7
975.0,60,24,7
976.0,60,24,7
977.0,60,24,7
978.0,60,24,7
979.0,60,24,7
980.0,60,24,7
981.0,60,24,7
982.0,60,24,7
983.0,60,24,7
984.0,60,24,7
985.0,60,24,7
986.0,60,24,7
987.0,60,24,7
988.0,60,24,7
989.0,60,24,7
990.0,60,24,7
991.0,60,24,7
992.0,60,24,7
993.0,60,24,7
994.0,60,24,7
995.0,60,24,7
996.0,60,24,7
997.0,60,24,7
998.0,60,24,7
999.0,60,24,7
1000.0,60,24,7
1001.0,60,24,7
1002.0,60,24,7
1003.0,60,24,7
1004.0,60,24,7
1005.0,60,24,7
1006.0,60,24,7
1007.0,60,24,7
1008.0,60,24,7
1009.0,60,24,7
1010.0,60,24,7
1011.0,60,24,7
1012.0,60,24,7
1013.0,60,24,7
1014.0,60,24,7
1015.0,60,24,7
1016.0,60,24,7
1017.0,60,24,7
1018.0,60,24,7
1019.0,60,24,7
1020.0,60,24,7
1021.0,60,24,7
1022.0,60,24,7
1023.0,60,24,7
1024.0,60,24,7
1025.0,60,24,7
1026.0,60,24,7
1027.0,60,24,7
1028.0,60,24,7
1029.0,60,24,7
1030.0,60,24,7
1031.0,60,24,7
1032.0,60,24,7
1033.0,60,24,7
1034.0,60,24,7
1035.0,60,24,7
1036.0,60,24,7
1037.0,60,24,7
1038.0,60,24,8
1039.0,60,24,8
1040.0,60,24,8
1041.0,60,24,8
1042.0,60,24,8
1043.0,60,24,8
1044.0,60,24,8
1045.0,60,24,8
1046.0,60,24,8
1047.0,60,24,8
1048.0,60,24,8
1049.0,60,24,8
1050.0,60,24,8
1051.0,60,24,8
1052.0,60,24,8
1053.0,60,24,8
1054.0,60,24,8
1055.0,60,24,8
1056.0,60,24,8
1057.0,60,24,8
1058.0,60,24,8
1059.0,60,24,8
1060.0,60,24,8
1061.0,60,24,8
1062.0,60,24,8
1063.0,60,24,8
1064.0,60,24,8
1065.0,60,24,8
1066.0,60,24,8
1067.0,60,24,8
1068.0,60,24,8
1069.0,60,24,8
1070.0,60,24,8
1071.0,60,24,8
1072.0,60,24,8
1073.0,60,24,8
1074.0,60,24,8
1075.0,60,24,8
1076.0,60,24,8
1077.0,60,24,8
1078.0,60,24,8
1079.0,60,24,8
1080.0,60,24,8
1081.0,60,24,8
1082.0,60,24,8
1083.0,60,24,8
1084.0,60,24,8
1085.0,60,24,9
1086.0,60,24,9
1087.0,60,24,9
1088.0,60,24,9
1089.0,60,24,9
1090.0,60,24,9
1091.0,60,24,9
1092.0,60,24,9
1093.0,60,24,9
1094.0,60,24,9
1095.0,60,24,9
1096.0,60,24,9
1097.0,60,24,9
1098.0,60,24,9
1099.0,60,24,9
1100.0,60,24,9
1101.0,60,24,9
1102.0,60,24,9
1103.0,60,24,9
1104.0,60,24,9
1105.0,60,24,9
1106.0,60,24,10
1107.0,60,24,10
1108.0,60,24,10
1109.0,60,24,10
1110.0,60,24,10
1111.0,60,24,10
1112.0,60,24,10
1113.0,60,24,10
1114.0,60,24,10
1115.0,60,24,10
1116.0,60,24,10
1117.0,60,24,10
1118.0,60,24,10
1119.0,60,24,10
1120.0,60,24,10
1121.0,60,24,10
1122.0,60,24,10
1123.0,60,24,10
1124.0,60,24,10
1125.0,60,24,10
1126.0,60,24,10
1127.0,60,24,10
1128.0,60,24,10
1129.0,60,24,10
1130.0,60,24,10
1131.0,60,24,10
1132.0,60,24,10
1133.0,60,24,10
1134.0,60,24,10
1135.0,60,24,10
1136.0,60,24,10
1137.0,60,24,10
1138.0,60,24,10
1139.0,60,24,10
1140.0,60,24,10
1141.0,60,24,10
1142.0,60,24,10
1143.0,60,24,10
1144.0,60,24,10
1145.0,60,24,10
1146.0,60,24,10
1147.0,60,24,10
1148.0,60,24,10
1149.0,60,24,10
1150.0,60,24,10
1151.0,60,24,10
1152.0,60,24,10
1153.0,60,24,10
1154.0,60,24,10
1155.0,60,24,10
1156.0,60,24,10
1157.0,60,24,10
1158.0,60,24,10
1159.0,60,24,10
1160.0,60,24,10
1161.0,60,24,10
1162.0,60,24,10
1163.0,60,24,10
1164.0,60,24,10
1165.0,60,24,10
1166.0,60,24,11
1167.0,60,24,11
1168.0,60,24,11
1169.0,60,24,11
1170.0,60,24,11
1171.0,60,24,11
1172.0,60,24,11
1173.0,60,24,11
1174.0,60,24,12
1175.0,60,24,12
1176.0,60,24,12
1177.0,60,24,12
1178.0,60,24,12
1179.0,60,24,12
1180.0,60,24,12
1181.0,60,24,12
1182.0,60,24,12
1183.0,60,24,12
1184.0,60,24,13
1185.0,60,24,13
1186.0,60,24,13
1187.0,60,24,13
1188.0,60,24,13
1189.0,60,24,13
1190.0,60,24,13
1191.0,60,24,13
1192.0,60,24,13
1193.0,60,24,13
1194.0,60,24,13
1195.0,60,24,13
1196.0,60,24,13
1197.0,60,24,13
1198.0,60,24,13
1199.0,60,24,13
1200.0,60,24,13
1201.0,60,24,13
1202.0,60,24,13
1203.0,60,24,13
1204.0,60,24,13
1205.0,60,24,13
1206.0,60,24,13
1207.0,60,24,13
1208.0,60,24,13
1209.0,60,24,13
1210.0,60,24,13
1211.0,60,24,13
1212.0,60,24,13
1213.0,60,24,13
1214.0,60,24,13
1215.0,60,24,13
1216.0,60,24,13
1217.0,60,24,13
1218.0,60,24,13
1219.0,60,24,13
1220.0,60,24,13
1221.0,60,24,13
1222.0,60,24,13
1223.0,60,24,13
1224.0,60,24,13
1225.0,60,24,13
1226.0,60,24,13
1227.0,60,24,13
1228.0,60,24,13
1229.0,60,24,13
1230.0,60,24,13
1231.0,60,24,13
1232.0,60,24,13
1233.0,60,24,13
1234.0,60,24,13
1235.0,60,24,13
1236.0,60,24,13
1237.0,60,24,13
1238.0,60,24,13
1239.0,60,24,13
1240.0,60,24,13
1241.0,60,24,13
1242.0,60,24,13
1243.0,60,24,13
1244.0,60,24,13
1245.0,60,24,13
1246.0,60,24,13
1247.0,60,24,13
1248.0,60,24,13
1249.0,60,24,13
1250.0,60,24,13
1251.0,60,24,13
1252.0,60,24,13
1253.0,60,24,13
1254.0,60,24,13
1255.0,60,24,13
1256.0,60,24,13
1257.0,60,24,13
1258.0,60,24,13
1259.0,60,24,13
1260.0,60,24,13
1261.0,60,24,13
1262.0,60,24,13
1263.0,60,24,13
1264.0,60,24,13
1265.0,60,24,13
1266.0,60,24,13
1267.0,60,24,13
1268.0,60,24,13
1269.0,60,24,13
1270.0,60,24,13
1271.0,60,24,13
1272.0,60,24,13
1273.0,60,24,13
1274.0,60,24,13
1275.0,60,24,13
1276.0,60,24,13
1277.0,60,24,13
1278.0,60,24,13
1279.0,60,24,13
1280.0,60,24,13
1281.0,60,24,13
1282.0,60,24,13
1283.0,60,24,13
1284.0,60,24,13
1285.0,60,24,13
1286.0,60,24,13
1287.0,60,24,13
1288.0,60,24,13
1289.0,60,24,13
1290.0,60,24,13
1291.0,60,24,13
1292.0,60,24,13
1293.0,60,24,13
1294.0,60,24,13
1295.0,60,24,13
1296.0,60,24,13
1297.0,60,24,13
1298.0,60,24,13
1299.0,60,24,13
1300.0,60,24,13
1301.0,60,24,13
1302.0,60,24,13
1303.0,60,24,13
1304.0,60,24,13
1305.0,60,24,13
1306.0,60,24,13
1307.0,60,24,13
1308.0,60,24,13
1309.0,60,24,13
1310.0,60,24,13
1311.0,60,24,13
1312.0,60,24,13
1313.0,60,24,13
1314.0,60,24,13
1315.0,60,24,13
1316.0,60,24,13
1317.0,60,24,13
1318.0,60,24,13
1319.0,60,24,13
1320.0,60,24,13
1321.0,60,24,13
1322.0,60,24,13
1323.0,60,24,13
1324.0,60,24,13
1325.0,60,24,13
1326.0,60,24,13
1327.0,60,24,13
1328.0,60,24,13
1329.0,60,24,13
1330.0,60,24,13
1331.0,60,24,13
1332.0,60,24,13
1333.0,60,24,13
1334.0,60,24,13
1335.0,60,24,13
1336.0,60,24,13
1337.0,60,24,13
1338.0,60,24,13
1339.0,60,24,13
1340.0,60,24,13
1341.0,60,24,13
1342.0,60,24,13
1343.0,60,24,13
1344.0,60,24,13
1345.0,60,24,13
1346.0,60,24,13
1347.0,60,24,13
1348.0,60,24,13
1349.0,60,24,13
1350.0,60,24,13
1351.0,60,24,13
1352.0,60,24,13
1353.0,60,24,13
1354.0,60,24,13
1355.0,60,24,13
1356.0,60,24,13
1357.0,60,24,13
1358.0,60,24,13
1359.0,60,24,13
1360.0,60,24,13
1361.0,60,24,13
1362.0,60,24,13
1363.0,60,24,13
1364.0,60,24,13
1365.0,60,24,13
1366.0,60,24,13
1367.0,60,24,13
1368.0,60,24,13
1369.0,60,24,13
1370.0,60,24,13
1371.0,60,24,13
1372.0,60,24,13
1373.0,60,24,13
1374.0,60,24,13
1375.0,60,24,13
1376.0,60,24,13
1377.0,60,24,13
1378.0,60,24,13
1379.0,60,24,13
1380.0,60,24,13
1381.0,60,24,13
1382.0,60,24,14
1383.0,60,24,14
1384.0,60,24,14
1385.0,60,24,14
1386.0,60,24,14
1387.0,60,24,14
1388.0,60,24,14
1389.0,60,24,14
1390.0,60,24,14
1391.0,60,24,14
1392.0,60,24,14
1393.0,60,24,15
1394.0,60,24,15
1395.0,60,24,15
1396.0,60,24,15
1397.0,60,24,15
1398.0,60,24,15
1399.0,60,24,15
1400.0,60,24,15
1401.0,60,24,15
1402.0,60,24,15
1403.0,60,24,15
1404.0,60,24,15
1405.0,60,24,15
1406.0,60,24,15
1407.0,60,24,15
1408.0,60,24,15
1409.0,60,24,15
1410.0,60,24,15
1411.0,60,24,15
1412.0,60,24,15
1413.0,60,24,15
1414.0,60,24,15
1415.0,60,24,15
1416.0,60,24,15
1417.0,60,24,15
1418.0,60,24,15
1419.0,60,24,15
1420.0,60,24,15
1421.0,60,24,15
1422.0,60,24,15
1423.0,60,24,15
1424.0,60,24,15
1425.0,60,24,15
1426.0,60,24,15
1427.0,60,24,15
1428.0,60,24,15
1429.0,60,24,15
1430.0,60,24,15
1431.0,60,24,15
1432.0,60,24,15
1433.0,60,24,15
1434.0,60,24,15
1435.0,60,24,15
1436.0,60,24,15
1437.0,60,24,15
1438.0,60,24,15
1439.0,60,24,15
1440.0,60,24,15
1441.0,60,24,15
1442.0,60,24,15
1443.0,60,24,15
1444.0,60,24,15
1445.0,60,24,15
1446.0,60,24,15
1447.0,60,24,15
1448.0,60,24,16
1449.0,60,24,16
1450.0,60,24,16
1451.0,60,24,16
1452.0,60,24,16
1453.0,60,24,16
1454.0,60,24,16
1455.0,60,24,16
1456.0,60,24,16
1457.0,60,24,16
1458.0,60,24,16
1459.0,60,24,16
1460.0,60,24,16
1461.0,60,24,17
1462.0,60,24,17
1463.0,60,24,17
1464.0,60,24,17
1465.0,60,24,17
1466.0,60,24,17
1467.0,60,24,17
1468.0,60,24,17
1469.0,60,24,17
1470.0,60,24,17
1471.0,60,24,17
1472.0,60,24,17
1473.0,60,24,17
1474.0,60,24,17
1475.0,60,24,17
1476.0,60,24,17
1477.0,60,24,17
1478.0,60,24,17
1479.0,60,24,17
1480.0,60,24,17
1481.0,60,24,17
1482.0,60,24,17
1483.0,60,24,17
1484.0,60,24,17
1485.0,60,24,17
1486.0,60,24,17
1487.0,60,24,17
1488.0,60,24,17
1489.0,60,24,17
1490.0,60,24,17
1491.0,60,24,17
1492.0,60,24,17
1493.0,60,24,18
1494.0,60,24,18
1495.0,60,24,18
1496.0,60,24,18
1497.0,60,24,18
1498.0,60,24,18
1499.0,60,24,18
1500.0,60,24,18
1501.0,60,24,18
1502.0,60,24,18
1503.0,60,24,18
1504.0,60,24,18
1505.0,60,24,18
1506.0,60,24,18
1507.0,60,24,18
1508.0,60,24,18
1509.0,60,24,18
1510.0,60,24,18
1511.0,60,24,18
1512.0,60,24,18
1513.0,60,24,18
1514.0,60,24,18
1515.0,60,24,18
1516.0,60,24,18
1517.0,60,24,18
1518.0,60,24,18
1519.0,60,24,18
1520.0,60,24,18
1521.0,60,24,19
1522.0,60,24,19
1523.0,60,24,20
1524.0,60,24,20
1525.0,60,24,20
1526.0,60,24,20
1527.0,60,24,20
1528.0,60,24,20
1529.0,60,24,20
1530.0,60,24,20
1531.0,60,24,20
1532.0,60,24,20
1533.0,60,24,20
1534.0,60,24,20
1535.0,60,24,20
1536.0,60,24,20
1537.0,60,24,20
1538.0,60,24,20
1539.0,60,24,20
1540.0,60,24,20
1541.0,60,24,20
1542.0,60,24,20
1543.0,60,24,20
1544.0,60,24,20
1545.0,60,24,20
1546.0,60,24,20
1547.0,60,24,20
1548.0,60,24,20
1549.0,60,24,20
1550.0,60,24,20
1551.0,60,24,20
1552.0,60,24,20
1553.0,60,24,20
1554.0,60,24,20
1555.0,60,24,20
1556.0,60,24,20
1557.0,60,24,20
1558.0,60,24,20
1559.0,60,24,20
1560.0,60,24,20
1561.0,60,24,20
1562.0,60,24,20
1563.0,60,24,20
1564.0,60,24,20
1565.0,60,24,20
1566.0,60,24,20
1567.0,60,24,20
1568.0,60,24,20
1569.0,60,24,20
1570.0,60,24,20
1571.0,60,24,20
1572.0,60,24,20
1573.0,60,24,20
1574.0,60,24,20
1575.0,60,24,20
1576.0,60,24,20
1577.0,60,24,20
1578.0,60,24,20
1579.0,60,24,20
1580.0,60,24,20
1581.0,60,24,20
1582.0,60,24,20
1583.0,60,24,20
1584.0,60,24,20
1585.0,60,24,20
1586.0,60,24,20
1587.0,60,24,20
1588.0,60,24,20
1589.0,60,24,20
1590.0,60,24,20
1591.0,60,24,20
1592.0,60,24,20
1593.0,60,24,20
1594.0,60,24,20
1595.0,60,24,20
1596.0,60,24,20
1597.0,60,24,20
1598.0,60,24,20
1599.0,60,24,20
1600.0,60,24,20
1601.0,60,24,20
1602.0,60,24,20
1603.0,60,24,20
1604.0,60,24,20
1605.0,60,24,20
1606.0,60,24,20
1607.0,60,24,20
1608.0,60,24,20
1609.0,60,24,20
1610.0,60,24,20
1611.0,60,24,20
1612.0,60,24,20
1613.0,60,24,20
1614.0,60,24,20
1615.0,60,24,20
1616.0,60,24,20
1617.0,60,24,20
1618.0,60,24,20
1619.0,60,24,21
1620.0,60,24,21
1621.0,60,24,21
1622.0,60,24,21
1623.0,60,24,21
1624.0,60,24,21
1625.0,60,24,21
1626.0,60,24,21
1627.0,60,24,21
1628.0,60,24,21
1629.0,60,24,21
1630.0,60,24,21
1631.0,60,24,21
1632.0,60,24,21
1633.0,60,24,21
1634.0,60,24,21
1635.0,60,24,21
1636.0,60,24,21
1637.0,60,24,21
1638.0,60,24,21
1639.0,60,24,21
1640.0,60,24,21
1641.0,60,24,21
1642.0,60,24,21
1643.0,60,24,21
1644.0,60,24,21
1645.0,60,24,21
1646.0,60,24,21
1647.0,60,24,21
1648.0,60,24,21
1649.0,60,24,21
1650.0,60,24,21
1651.0,60,24,21
1652.0,60,24,21
1653.0,60,24,21
1654.0,60,24,21
1655.0,60,24,21
1656.0,60,24,21
1657.0,60,24,21
1658.0,60,24,21
1659.0,60,24,21
1660.0,60,24,21
1661.0,60,24,21
1662.0,60,24,21
1663.0,60,24,21
1664.0,60,24,21
1665.0,60,24,21
1666.0,60,24,21
1667.0,60,24,21
1668.0,60,24,21
1669.0,60,24,21
1670.0,60,24,21
1671.0,60,24,21
1672.0,60,24,21
1673.0,60,24,21
1674.0,60,24,21
1675.0,60,24,21
1676.0,60,24,21
1677.0,60,24,21
1678.0,60,24,21
1679.0,60,24,21
1680.0,60,24,21
1681.0,60,24,21
1682.0,60,24,21
1683.0,60,24,21
1684.0,60,24,21
1685.0,60,24,21
1686.0,60,24,21
1687.0,60,24,21
1688.0,60,24,21
1689.0,60,24,21
1690.0,60,24,21
1691.0,60,24,21
1692.0,60,24,21
1693.0,60,24,21
1694.0,60,24,21
1695.0,60,24,21
1696.0,60,24,21
1697.0,60,24,21
1698.0,60,24,21
1699.0,60,24,21
1700.0,60,24,21
1701.0,60,24,21
1702.0,60,24,21
1703.0,60,24,21
1704.0,60,24,21
1705.0,60,24,21
1706.0,60,24,21
1707.0,60,24,21
1708.0,60,24,21
1709.0,60,24,21
1710.0,60,24,21
1711.0,60,24,21
1712.0,60,24,21
1713.0,60,24,21
1714.0,60,24,21
1715.0,60,24,21
1716.0,60,24,21
1717.0,60,24,22
1718.0,60,24,23
1719.0,60,24,23
1720.0,60,24,23
1721.0,60,24,23
1722.0,60,24,24
1723.0,60,24,24
1724.0,60,24,24
1725.0,60,24,24
1726.0,60,24,24
1727.0,60,24,24
1728.0,60,24,24
1729.0,60,24,24
1730.0,60,24,24
1731.0,60,24,24
1732.0,60,24,24
1733.0,60,24,24
1734.0,60,24,24
1735.0,60,24,24
1736.0,60,24,24
1737.0,60,24,24
1738.0,60,24,24
1739.0,60,24,24
1740.0,60,24,24
1741.0,60,24,24
1742.0,60,24,24
1743.0,60,24,24
1744.0,60,24,24
1745.0,60,24,24
1746.0,60,24,24
1747.0,60,24,24
1748.0,60,24,24
1749.0,60,24,24
1750.0,60,24,24
1751.0,60,24,24
1752.0,60,24,24
1753.0,60,24,24
1754.0,60,24,24
1755.0,60,24,24
1756.0,60,24,24
1757.0,60,24,24
1758.0,60,24,24
1759.0,60,24,24
1760.0,60,24,24
1761.0,60,24,24
1762.0,60,24,24
1763.0,60,24,24
1764.0,60,24,24
1765.0,60,24,24
1766.0,60,24,24
1767.0,60,24,24
1768.0,60,24,24
1769.0,60,24,24
1770.0,60,24,24
1771.0,60,24,24
1772.0,60,24,24
1773.0,60,24,24
1774.0,60,24,24
1775.0,60,24,24
1776.0,60,24,24
1777.0,60,24,24
1778.0,60,24,24
1779.0,60,24,24
1780.0,60,24,24
1781.0,60,24,24
1782.0,60,24,24
1783.0,60,24,24
1784.0,60,24,24
1785.0,60,24,24
1786.0,60,24,24
1787.0,60,24,24
1788.0,60,24,24
1789.0,60,24,24
1790.0,60,24,24
1791.0,60,24,24
1792.0,60,24,24
1793.0,60,24,24
1794.0,60,24,24
1795.0,60,24,24
1796.0,60,24,24
1797.0,60,24,24
1798.0,60,24,24
1799.0,60,24,24
1800.0,60,24,24
1801.0,60,24,24
1802.0,60,24,24
1803.0,60,24,24
1804.0,60,24,24
1805.0,60,24,24
1806.0,60,24,24
1807.0,60,24,24
1808.0,60,24,24
1809.0,60,24,24
1810.0,60,24,24
1811.0,60,24,24
1812.0,60,24,24
1813.0,60,24,24
1814.0,60,24,24
1815.0,60,24,24
1816.0,60,24,24
1817.0,60,24,24
1818.0,60,24,24
1819.0,60,24,24
1820.0,60,24,24
1821.0,60,24,24
1822.0,60,24,24
1823.0,60,24,24
1824.0,60,24,24
1825.0,60,24,24
1826.0,60,24,24
1827.0,60,24,24
1828.0,60,24,24
1829.0,60,24,24
1830.0,60,24,24
1831.0,60,24,24
1832.0,60,24,24
1833.0,60,24,24
1834.0,60,24,24
1835.0,60,24,24
1836.0,60,24,24
1837.0,60,24,24
1838.0,60,24,24
1839.0,60,24,24
1840.0,60,24,24
1841.0,60,24,24
1842.0,60,24,24
1843.0,60,24,24
1844.0,60,24,24
1845.0,60,24,24
1846.0,60,24,24
1847.0,60,24,24
1848.0,60,24,24
1849.0,60,24,24
1850.0,60,24,24
1851.0,60,24,24
1852.0,60,24,24
1853.0,60,24,24
1854.0,60,24,24
1855.0,60,24,24
1856.0,60,24,24
1857.0,60,24,24
1858.0,60,24,24
1859.0,60,24,24
1860.0,60,24,24
1861.0,60,24,24
1862.0,60,24,24
1863.0,60,24,24
1864.0,60,24,24
1865.0,60,24,24
1866.0,60,24,24
1867.0,60,24,24
1868.0,60,24,24
1869.0,60,24,24
1870.0,60,24,24
1871.0,60,24,24
1872.0,60,24,24
1873.0,60,24,24
1874.0,60,24,24
1875.0,60,24,24
1876.0,60,24,24
1877.0,60,24,24
1878.0,60,24,24
1879.0,60,24,24
1880.0,60,24,24
1881.0,60,24,24
1882.0,60,24,24
1883.0,60,24,24
1884.0,60,24,24
1885.0,60,24,24
1886.0,60,24,24
1887.0,60,24,24
1888.0,60,24,24
1889.0,60,24,24
1890.0,60,24,24
1891.0,60,24,24
1892.0,60,24,24
1893.0,60,24,24
1894.0,60,24,24
1895.0,60,24,24
1896.0,60,24,24
1897.0,60,24,24
1898.0,60,24,24
1899.0,60,24,24
1900.0,60,24,24
1901.0,60,24,24
1902.0,60,24,24
1903.0,60,24,24
1904.0,60,24,24
1905.0,60,24,24
1906.0,60,24,24
1907.0,60,24,24
1908.0,60,24,24
1909.0,60,24,24
1910.0,60,24,24
1911.0,60,24,24
1912.0,60,24,24
1913.0,60,24,24
1914.0,60,24,24
1915.0,60,24,24
1916.0,60,24,24
1917.0,60,24,24
1918.0,60,24,24
1919.0,60,24,24
1920.0,60,24,24
1921.0,60,24,24
1922.0,60,24,24
1923.0,60,24,24
1924.0,60,24,24
1925.0,60,24,24
1926.0,60,24,24
1927.0,60,24,24
1928.0,60,24,24
1929.0,60,24,24
1930.0,60,24,24
1931.0,60,24,24
1932.0,60,24,24
1933.0,60,24,24
1934.0,60,24,24
1935.0,60,24,24
1936.0,60,24,24
1937.0,60,24,24
1938.0,60,24,24
1939.0,60,24,24
1940.0,60,24,24
1941.0,60,24,24
1942.0,60,24,24
1943.0,60,24,24
1944.0,60,24,24
1945.0,60,24,24
1946.0,60,24,24
1947.0,60,24,24
1948.0,60,24,24
1949.0,60,24,24
1950.0,60,24,24
1951.0,60,24,24
1952.0,60,24,24
1953.0,60,24,24
1954.0,60,24,24
1955.0,60,24,24
1956.0,60,24,24
1957.0,60,24,24
1958.0,60,24,24
1959.0,60,24,24
1960.0,60,24,24
1961.0,60,24,24
1962.0,60,24,24
1963.0,60,24,24
1964.0,60,24,24
1965.0,60,24,24
1966.0,60,24,24
1967.0,60,24,24
1968.0,60,24,24
1969.0,60,24,24
1970.0,60,24,24
1971.0,60,24,24
1972.0,60,24,24
1973.0,60,24,24
1974.0,60,24,24
1975.0,60,24,24
1976.0,60,24,24
1977.0,60,24,24
1978.0,60,24,24
1979.0,60,24,24
1980.0,60,24,24
1981.0,60,24,24
1982.0,60,24,24
1983.0,60,24,24
1984.0,60,24,24
1985.0,60,24,24
1986.0,60,24,24
1987.0,60,24,24
1988.0,60,24,24
1989.0,60,24,24
1990.0,60,24,25
1991.0,60,24,25
1992.0,60,24,25
1993.0,60,24,25
1994.0,60,24,25
1995.0,60,24,25
1996.0,60,24,25
1997.0,60,24,25
1998.0,60,24,25
1999.0,60,24,25
2000.0,60,24,25
2001.0,60,24,25
2002.0,60,24,25
2003.0,60,24,25
2004.0,60,24,25
2005.0,60,24,25
2006.0,60,24,26
2007.0,60,24,26
2008.0,60,24,26
2009.0,60,24,26
2010.0,60,24,26
2011.0,60,24,26
2012.0,60,24,26
2013.0,60,24,26
2014.0,60,24,26
2015.0,60,24,26
2016.0,60,24,26
2017.0,60,24,26
2018.0,60,24,26
2019.0,60,24,26
2020.0,60,24,26
2021.0,60,24,26
2022.0,60,24,26
2023.0,60,24,26
2024.0,60,24,26
2025.0,60,24,26
2026.0,60,24,26
2027.0,60,24,26
2028.0,60,24,26
2029.0,60,24,26
2030.0,60,24,26
2031.0,60,24,26
2032.0,60,24,26
2033.0,60,24,26
2034.0,60,24,26
2035.0,60,24,26
2036.0,60,24,26
2037.0,60,24,26
2038.0,60,24,26
2039.0,60,24,26
2040.0,60,24,26
2041.0,60,24,26
2042.0,60,24,26
2043.0,60,24,26
2044.0,60,24,27
2045.0,60,24,27
2046.0,60,24,27
2047.0,60,24,27
2048.0,60,24,27
2049.0,60,24,27
2050.0,60,24,27
2051.0,60,24,27
2052.0,60,24,27
2053.0,60,24,27
2054.0,60,24,27
2055.0,60,24,27
2056.0,60,24,27
2057.0,60,24,27
2058.0,60,24,27
2059.0,60,24,27
2060.0,60,24,27
2061.0,60,24,27
2062.0,60,24,27
2063.0,60,24,27
2064.0,60,24,27
2065.0,60,24,27
2066.0,60,24,27
2067.0,60,24,27
2068.0,60,24,27
2069.0,60,24,27
2070.0,60,24,27
2071.0,60,24,27
2072.0,60,24,28
2073.0,60,24,28
2074.0,60,24,28
2075.0,60,24,28
2076.0,60,24,28
2077.0,60,24,28
2078.0,60,24,28
2079.0,60,24,28
2080.0,60,24,28
2081.0,60,24,28
2082.0,60,24,28
2083.0,60,24,28
2084.0,60,24,28
2085.0,60,24,28
2086.0,60,24,28
2087.0,60,24,28
2088.0,60,24,28
2089.0,60,24,28
2090.0,60,24,28
2091.0,60,24,29
2092.0,60,24,29
2093.0,60,24,29
2094.0,60,24,29
2095.0,60,24,29
2096.0,60,24,29
2097.0,60,24,29
2098.0,60,24,29
2099.0,60,24,29
2100.0,60,24,29
2101.0,60,24,29
2102.0,60,24,29
2103.0,60,24,29
2104.0,60,24,29
2105.0,60,24,29
2106.0,60,24,29
2107.0,60,24,29
2108.0,60,24,29
2109.0,60,24,29
2110.0,60,24,29
2111.0,60,24,29
2112.0,60,24,29
2113.0,60,24,29
2114.0,60,24,29
2115.0,60,24,29
2116.0,60,24,29
2117.0,60,24,29
2118.0,60,24,29
2119.0,60,24,29
2120.0,60,24,29
2121.0,60,24,29
2122.0,60,24,29
2123.0,60,24,29
2124.0,60,24,29
2125.0,60,24,29
2126.0,60,24,29
2127.0,60,24,29
2128.0,60,24,29
2129.0,60,24,29
2130.0,60,24,29
2131.0,60,24,29
2132.0,60,24,29
2133.0,60,24,29
2134.0,60,24,29
2135.0,60,24,29
2136.0,60,24,29
2137.0,60,24,29
2138.0,60,24,29
2139.0,60,24,29
2140.0,60,24,29
2141.0,60,24,29
2142.0,60,24,29
2143.0,60,24,29
2144.0,60,24,29
2145.0,60,24,29
2146.0,60,24,29
2147.0,60,24,29
2148.0,60,24,29
2149.0,60,24,29
2150.0,60,24,29
2151.0,60,24,29
2152.0,60,24,29
2153.0,60,24,29
2154.0,60,24,29
2155.0,60,24,29
2156.0,60,24,29
2157.0,60,24,29
2158.0,60,24,29
2159.0,60,24,29
2160.0,60,24,29
2161.0,60,24,29
2162.0,60,24,29
2163.0,60,24,29
2164.0,60,24,29
2165.0,60,24,29
2166.0,60,24,29
2167.0,60,24,29
2168.0,60,24,29
2169.0,60,24,29
2170.0,60,24,29
2171.0,60,24,29
2172.0,60,24,29
2173.0,60,24,29
2174.0,60,24,29
2175.0,60,24,29
2176.0,60,24,29
2177.0,60,24,29
2178.0,60,24,29
2179.0,60,24,29
2180.0,60,24,29
2181.0,60,24,29
2182.0,60,24,29
2183.0,60,24,29
2184.0,60,24,29
2185.0,60,24,29
2186.0,60,24,29
2187.0,60,24,29
2188.0,60,24,29
2189.0,60,24,29
2190.0,60,24,29
2191.0,60,24,29
2192.0,60,24,29
2193.0,60,24,29
2194.0,60,24,29
2195.0,60,24,29
2196.0,60,24,29
2197.0,60,24,29
2198.0,60,24,29
2199.0,60,24,29
2200.0,60,24,29
2201.0,60,24,29
2202.0,60,24,29
2203.0,60,24,29
2204.0,60,24,29
2205.0,60,24,29
2206.0,60,24,29
2207.0,60,24,29
2208.0,60,24,29
2209.0,60,24,29
2210.0,60,24,29
2211.0,60,24,29
2212.0,60,24,29
2213.0,60,24,29
2214.0,60,24,29
2215.0,60,24,29
2216.0,60,24,29
2217.0,60,24,29
2218.0,60,24,29
2219.0,60,24,29
2220.0,60,24,30
2221.0,60,24,30
2222.0,60,24,30
2223.0,60,24,31
2224.0,60,24,31
2225.0,60,24,31
2226.0,60,24,31
2227.0,60,24,31
2228.0,60,24,31
2229.0,60,24,31
2230.0,60,24,31
2231.0,60,24,31
2232.0,60,24,31
2233.0,60,24,31
2234.0,60,24,31
2235.0,60,24,31
2236.0,60,24,31
2237.0,60,24,31
2238.0,60,24,31
2239.0,60,24,31
2240.0,60,24,31
2241.0,60,24,31
2242.0,60,24,31
2243.0,60,24,31
2244.0,60,24,31
2245.0,60,24,31
2246.0,60,24,31
2247.0,60,24,31
2248.0,60,24,31
2249.0,60,24,31
2250.0,60,24,31
2251.0,60,24,31
2252.0,60,24,31
2253.0,60,24,31
2254.0,60,24,31
2255.0,60,24,31
2256.0,60,24,31
2257.0,60,24,31
2258.0,60,24,31
2259.0,60,24,31
2260.0,60,24,31
2261.0,60,24,31
2262.0,60,24,31
2263.0,60,24,31
2264.0,60,24,31
2265.0,60,24,31
2266.0,60,24,31
2267.0,60,24,31
2268.0,60,24,31
2269.0,60,24,31
2270.0,60,24,31
2271.0,60,24,31
2272.0,60,24,31
2273.0,60,24,31
2274.0,60,24,31
2275.0,60,24,31
2276.0,60,24,31
2277.0,60,24,31
2278.0,60,24,31
2279.0,60,24,31
2280.0,60,24,31
2281.0,60,24,31
2282.0,60,24,31
2283.0,60,24,31
2284.0,60,24,31
2285.0,60,24,31
2286.0,60,24,31
2287.0,60,24,31
2288.0,60,24,32
2289.0,60,24,32
2290.0,60,24,32
2291.0,60,24,32
2292.0,60,24,32
2293.0,60,24,32
2294.0,60,24,32
2295.0,60,24,32
2296.0,60,24,32
2297.0,60,24,32
2298.0,60,24,32
2299.0,60,24,32
2300.0,60,24,32
2301.0,60,24,32
2302.0,60,24,32
2303.0,60,24,32
2304.0,60,24,32
2305.0,60,24,32
2306.0,60,24,32
2307.0,60,24,32
2308.0,60,24,32
2309.0,60,24,32
2310.0,60,24,33
2311.0,60,24,33
2312.0,60,24,33
2313.0,60,24,34
2314.0,60,24,34
2315.0,60,24,34
2316.0,60,24,34
2317.0,60,24,34
2318.0,60,24,34
2319.0,60,24,34
2320.0,60,24,34
2321.0,60,24,34
2322.0,60,24,34
2323.0,60,24,34
2324.0,60,24,34
2325.0,60,24,34
2326.0,60,24,35
2327.0,60,24,35
2328.0,60,24,35
2329.0,60,24,35
2330.0,60,24,35
2331.0,60,24,35
2332.0,60,24,35
2333.0,60,24,35
2334.0,60,24,35
2335.0,60,24,35
2336.0,60,24,35
2337.0,60,24,35
2338.0,60,24,35
2339.0,60,24,36
2340.0,60,24,36
2341.0,60,24,36
2342.0,60,24,36
2343.0,60,24,36
2344.0,60,24,36
2345.0,60,24,36
2346.0,60,24,36
2347.0,60,24,36
2348.0,60,24,36
2349.0,60,24,36
2350.0,60,24,36
2351.0,60,24,36
2352.0,60,24,36
2353.0,60,24,36
2354.0,60,24,36
2355.0,60,24,36
2356.0,60,24,36
2357.0,60,24,36
2358.0,60,24,36
2359.0,60,24,36
2360.0,60,24,36
2361.0,60,24,36
2362.0,60,24,36
2363.0,60,24,36
2364.0,60,24,36
2365.0,60,24,36
2366.0,60,24,36
2367.0,60,24,36
2368.0,60,24,36
2369.0,60,24,36
2370.0,60,24,36
2371.0,60,24,36
2372.0,60,24,36
2373.0,60,24,36
2374.0,60,24,36
2375.0,60,24,36
2376.0,60,24,36
2377.0,60,24,36
2378.0,60,24,36
2379.0,60,24,36
2380.0,60,24,36
2381.0,60,24,36
2382.0,60,24,36
2383.0,60,24,36
2384.0,60,24,36
2385.0,60,24,36
2386.0,60,24,36
2387.0,60,24,36
2388.0,60,24,36
2389.0,60,24,36
2390.0,60,24,36
2391.0,60,24,36
2392.0,60,24,36
2393.0,60,24,36
2394.0,60,24,36
2395.0,60,24,36
2396.0,60,24,36
2397.0,60,24,36
2398.0,60,24,36
2399.0,60,24,36
2400.0,60,24,36
2401.0,60,24,36
2402.0,60,24,36
2403.0,60,24,36
2404.0,60,24,36
2405.0,60,24,36
2406.0,60,24,36
2407.0,60,24,36
2408.0,60,24,36
2409.0,60,24,36
2410.0,60,24,36
2411.0,60,24,36
2412.0,60,24,36
2413.0,60,24,36
2414.0,60,24,36
2415.0,60,24,36
2416.0,60,24,36
2417.0,60,24,36
2418.0,60,24,36
2419.0,60,24,36
2420.0,60,24,36
2421.0,60,24,36
2422.0,60,24,36
2423.0,60,24,36
2424.0,60,24,36
2425.0,60,24,36
2426.0,60,24,36
2427.0,60,24,36
2428.0,60,24,36
2429.0,60,24,36
2430.0,60,24,36
2431.0,60,24,36
2432.0,60,24,36
2433.0,60,24,36
2434.0,60,24,36
2435.0,60,24,36
2436.0,60,24,36
2437.0,60,24,36
2438.0,60,24,36
2439.0,60,24,36
2440.0,60,24,36
2441.0,60,24,36
2442.0,60,24,36
2443.0,60,24,36
2444.0,60,24,36
2445.0,60,24,36
2446.0,60,24,36
2447.0,60,24,36
2448.0,60,24,36
2449.0,60,24,36
2450.0,60,24,36
2451.0,60,24,36
2452.0,60,24,36
2453.0,60,24,36
2454.0,60,24,36
2455.0,60,24,36
2456.0,60,24,36
2457.0,60,24,36
2458.0,60,24,36
2459.0,60,24,36
2460.0,60,24,36
2461.0,60,24,36
2462.0,60,24,36
2463.0,60,24,36
2464.0,60,24,36
2465.0,60,24,36
2466.0,60,24,36
2467.0,60,24,36
2468.0,60,24,36
2469.0,60,24,36
2470.0,60,24,36
2471.0,60,24,36
2472.0,60,24,36
2473.0,60,24,36
2474.0,60,24,36
2475.0,60,24,36
2476.0,60,24,36
2477.0,60,24,36
2478.0,60,24,36
2479.0,60,24,36
2480.0,60,24,36
2481.0,60,24,36
2482.0,60,24,36
2483.0,60,24,36
2484.0,60,24,36
2485.0,60,24,36
2486.0,60,24,36
2487.0,60,24,36
2488.0,60,24,36
2489.0,60,24,36
2490.0,60,24,36
2491.0,60,24,36
2492.0,60,24,36
2493.0,60,24,36
2494.0,60,24,36
2495.0,60,24,36
2496.0,60,24,36
2497.0,60,24,37
2498.0,60,24,37
2499.0,60,24,37
2500.0,60,24,37
2501.0,60,24,37
2502.0,60,24,37
2503.0,60,24,37
2504.0,60,24,37
2505.0,60,24,37
2506.0,60,24,37
2507.0,60,24,37
2508.0,60,24,37
2509.0,60,24,37
2510.0,60,24,37
2511.0,60,24,37
2512.0,60,24,37
2513.0,60,24,37
2514.0,60,24,37
2515.0,60,24,37
2516.0,60,24,37
2517.0,60,24,37
2518.0,60,24,37
2519.0,60,24,37
2520.0,60,24,37
2521.0,60,24,37
2522.0,60,24,37
2523.0,60,24,37
2524.0,60,24,37
2525.0,60,24,37
2526.0,60,24,37
2527.0,60,24,37
2528.0,60,24,37
2529.0,60,24,37
2530.0,60,24,37
2531.0,60,24,37
2532.0,60,24,37
2533.0,60,24,37
2534.0,60,24,37
2535.0,60,24,37
2536.0,60,24,37
2537.0,60,24,37
2538.0,60,24,37
2539.0,60,24,37
2540.0,60,24,37
2541.0,60,24,37
2542.0,60,24,37
2543.0,60,24,37
2544.0,60,24,37
2545.0,60,24,37
2546.0,60,24,37
2547.0,60,24,37
2548.0,60,24,37
2549.0,60,24,37
2550.0,60,24,37
2551.0,60,24,37
2552.0,60,24,37
2553.0,60,24,37
2554.0,60,24,37
2555.0,60,24,37
2556.0,60,24,37
2557.0,60,24,37
2558.0,60,24,37
2559.0,60,24,37
2560.0,60,24,37
2561.0,60,24,37
2562.0,60,24,37
2563.0,60,24,37
2564.0,60,24,37
2565.0,60,24,37
2566.0,60,24,37
2567.0,60,24,37
2568.0,60,24,37
2569.0,60,24,37
2570.0,60,24,37
2571.0,60,24,37
2572.0,60,24,37
2573.0,60,24,37
2574.0,60,24,37
2575.0,60,24,37
2576.0,60,24,37
2577.0,60,24,37
2578.0,60,24,37
2579.0,60,24,37
2580.0,60,24,37
2581.0,60,24,37
2582.0,60,24,37
2583.0,60,24,37
2584.0,60,24,37
2585.0,60,24,37
2586.0,60,24,37
2587.0,60,24,37
2588.0,60,24,37
2589.0,60,24,37
2590.0,60,24,37
2591.0,60,24,37
2592.0,60,24,37
2593.0,60,24,37
2594.0,60,24,37
2595.0,60,24,37
2596.0,60,24,37
2597.0,60,24,37
2598.0,60,24,37
2599.0,60,24,37
2600.0,60,24,37
2601.0,60,24,37
2602.0,60,24,37
2603.0,60,24,37
2604.0,60,24,37
2605.0,60,24,37
2606.0,60,24,37
2607.0,60,24,37
2608.0,60,24,37
2609.0,60,24,37
2610.0,60,24,37
2611.0,60,24,37
2612.0,60,24,37
2613.0,60,24,37
2614.0,60,24,37
2615.0,60,24,37
2616.0,60,24,37
2617.0,60,24,37
2618.0,60,24,37
2619.0,60,24,37
2620.0,60,24,37
2621.0,60,24,37
2622.0,60,24,37
2623.0,60,24,37
2624.0,60,24,38
2625.0,60,24,38
2626.0,60,24,38
2627.0,60,24,38
2628.0,60,24,38
2629.0,60,24,38
2630.0,60,24,38
2631.0,60,24,38
2632.0,60,24,38
2633.0,60,24,38
2634.0,60,24,38
2635.0,60,24,38
2636.0,60,24,38
2637.0,60,24,39
2638.0,60,24,39
2639.0,60,24,39
2640.0,60,24,39
2641.0,60,24,39
2642.0,60,24,39
2643.0,60,24,39
2644.0,60,24,39
2645.0,60,24,39
2646.0,60,24,39
2647.0,60,24,39
2648.0,60,24,39
2649.0,60,24,39
2650.0,60,24,39
2651.0,60,24,39
2652.0,60,24,39
2653.0,60,24,39
2654.0,60,24,39
2655.0,60,24,39
2656.0,60,24,39
2657.0,60,24,39
2658.0,60,24,39
2659.0,60,24,39
2660.0,60,24,39
2661.0,60,24,39
2662.0,60,24,39
2663.0,60,24,39
2664.0,60,24,39
2665.0,60,24,39
2666.0,60,24,39
2667.0,60,24,39
2668.0,60,24,39
2669.0,60,24,39
2670.0,60,24,39
2671.0,60,24,39
2672.0,60,24,39
2673.0,60,24,39
2674.0,60,24,39
2675.0,60,24,39
2676.0,60,24,39
2677.0,60,24,39
2678.0,60,24,39
2679.0,60,24,39
2680.0,60,24,39
2681.0,60,24,39
2682.0,60,24,39
2683.0,60,24,39
2684.0,60,24,39
2685.0,60,24,39
2686.0,60,24,39
2687.0,60,24,39
2688.0,60,24,39
2689.0,60,24,39
2690.0,60,24,39
2691.0,60,24,39
2692.0,60,24,40
2693.0,60,24,40
2694.0,60,24,40
2695.0,60,24,40
2696.0,60,24,40
2697.0,60,24,40
2698.0,60,24,40
2699.0,60,24,40
2700.0,60,24,40
2701.0,60,24,40
2702.0,60,24,40
2703.0,60,24,40
2704.0,60,24,40
2705.0,60,24,40
2706.0,60,24,40
2707.0,60,24,40
2708.0,60,24,40
2709.0,60,24,40
2710.0,60,24,40
2711.0,60,24,40
2712.0,60,24,40
2713.0,60,24,40
2714.0,60,24,40
2715.0,60,24,40
2716.0,60,24,40
2717.0,60,24,40
2718.0,60,24,40
2719.0,60,24,40
2720.0,60,24,40
2721.0,60,24,40
2722.0,60,24,41
2723.0,60,24,42
2724.0,60,24,42
2725.0,60,24,42
2726.0,60,24,42
2727.0,60,24,42
2728.0,60,24,42
2729.0,60,24,42
2730.0,60,24,42
2731.0,60,24,42
2732.0,60,24,42
2733.0,60,24,42
2734.0,60,24,42
2735.0,60,24,42
2736.0,60,24,42
2737.0,60,24,42
2738.0,60,24,42
2739.0,60,24,42
2740.0,60,24,42
2741.0,60,24,42
2742.0,60,24,42
2743.0,60,24,42
2744.0,60,24,42
2745.0,60,24,42
2746.0,60,24,42
2747.0,60,24,42
2748.0,60,24,42
2749.0,60,24,42
2750.0,60,24,42
2751.0,60,24,42
2752.0,60,24,42
2753.0,60,24,42
2754.0,60,24,42
2755.0,60,24,42
2756.0,60,24,42
2757.0,60,24,42
2758.0,60,24,42
2759.0,60,24,42
2760.0,60,24,42
2761.0,60,24,42
2762.0,60,24,42
2763.0,60,24,42
2764.0,60,24,42
2765.0,60,24,42
2766.0,60,24,42
2767.0,60,24,42
2768.0,60,24,42
2769.0,60,24,42
2770.0,60,24,42
2771.0,60,24,42
2772.0,60,24,42
2773.0,60,24,42
2774.0,60,24,42
2775.0,60,24,42
2776.0,60,24,42
2777.0,60,24,42
2778.0,60,24,42
2779.0,60,24,42
2780.0,60,24,42
2781.0,60,24,42
2782.0,60,24,42
2783.0,60,24,42
2784.0,60,24,42
2785.0,60,24,42
2786.0,60,24,42
2787.0,60,24,42
2788.0,60,24,42
2789.0,60,24,42
2790.0,60,24,42
2791.0,60,24,42
2792.0,60,24,42
2793.0,60,24,42
2794.0,60,24,42
2795.0,60,24,42
2796.0,60,24,42
2797.0,60,24,42
2798.0,60,24,42
2799.0,60,24,42
2800.0,60,24,42
2801.0,60,24,42
2802.0,60,24,42
2803.0,60,24,42
2804.0,60,24,42
2805.0,60,24,42
2806.0,60,24,42
2807.0,60,24,42
2808.0,60,24,42
2809.0,60,24,42
2810.0,60,24,42
2811.0,60,24,42
2812.0,60,24,42
2813.0,60,24,42
2814.0,60,24,42
2815.0,60,24,42
2816.0,60,24,42
2817.0,60,24,42
2818.0,60,24,42
2819.0,60,24,42
2820.0,60,24,42
2821.0,60,24,42
2822.0,60,24,42
2823.0,60,24,42
2824.0,60,24,42
2825.0,60,24,42
2826.0,60,24,42
2827.0,60,24,42
2828.0,60,24,42
2829.0,60,24,42
2830.0,60,24,42
2831.0,60,24,42
2832.0,60,24,42
2833.0,60,24,42
2834.0,60,24,42
2835.0,60,24,42
2836.0,60,24,42
2837.0,60,24,42
2838.0,60,24,42
2839.0,60,24,42
2840.0,60,24,42
2841.0,60,24,42
2842.0,60,24,42
2843.0,60,24,42
2844.0,60,24,42
2845.0,60,24,42
2846.0,60,24,42
2847.0,60,24,42
2848.0,60,24,42
2849.0,60,24,42
2850.0,60,24,43
2851.0,60,24,43
2852.0,60,24,43
2853.0,60,24,43
2854.0,60,24,43
2855.0,60,24,43
2856.0,60,24,43
2857.0,60,24,43
2858.0,60,24,43
2859.0,60,24,43
2860.0,60,24,43
2861.0,60,24,43
2862.0,60,24,43
2863.0,60,24,43
2864.0,60,24,43
2865.0,60,24,43
2866.0,60,24,43
2867.0,60,24,43
2868.0,60,24,43
2869.0,60,24,43
2870.0,60,24,43
2871.0,60,24,43
2872.0,60,24,43
2873.0,60,24,43
2874.0,60,24,43
2875.0,60,24,43
2876.0,60,24,43
2877.0,60,24,43
2878.0,60,24,43
2879.0,60,24,43
2880.0,60,24,43
2881.0,60,24,43
2882.0,60,24,43
2883.0,60,24,43
2884.0,60,24,43
2885.0,60,24,43
2886.0,60,24,43
2887.0,60,24,43
2888.0,60,24,43
2889.0,60,24,43
2890.0,60,24,43
2891.0,60,24,43
2892.0,60,24,43
2893.0,60,24,43
2894.0,60,24,43
2895.0,60,24,43
2896.0,60,24,43
2897.0,60,24,43
2898.0,60,24,43
2899.0,60,24,43
2900.0,60,24,43
2901.0,60,24,43
2902.0,60,24,43
2903.0,60,24,43
2904.0,60,24,43
2905.0,60,24,43
2906.0,60,24,43
2907.0,60,24,43
2908.0,60,24,43
2909.0,60,24,43
2910.0,60,24,43
2911.0,60,24,43
2912.0,60,24,43
2913.0,60,24,43
2914.0,60,24,43
2915.0,60,24,43
2916.0,60,24,43
2917.0,60,24,44
2918.0,60,24,44
2919.0,60,24,44
2920.0,60,24,44
2921.0,60,24,44
2922.0,60,24,44
2923.0,60,24,44
2924.0,60,24,44
2925.0,60,24,44
2926.0,60,24,44
2927.0,60,24,44
2928.0,60,24,44
2929.0,60,24,44
2930.0,60,24,44
2931.0,60,24,44
2932.0,60,24,44
2933.0,60,24,44
2934.0,60,24,44
2935.0,60,24,44
2936.0,60,24,44
2937.0,60,24,44
2938.0,60,24,44
2939.0,60,24,44
2940.0,60,24,44
2941.0,60,24,44
2942.0,60,24,44
2943.0,60,24,44
2944.0,60,24,44
2945.0,60,24,44
2946.0,60,24,44
2947.0,60,24,44
2948.0,60,24,44
2949.0,60,24,44
2950.0,60,24,44
2951.0,60,24,44
2952.0,60,24,44
2953.0,60,24,44
2954.0,60,24,44
2955.0,60,24,44
2956.0,60,24,44
2957.0,60,24,44
2958.0,60,24,44
2959.0,60,24,44
2960.0,60,24,44
2961.0,60,24,44
2962.0,60,24,44
2963.0,60,24,44
2964.0,60,24,44
2965.0,60,24,44
2966.0,60,24,44
2967.0,60,24,44
2968.0,60,24,44
2969.0,60,24,44
2970.0,60,24,44
2971.0,60,24,44
2972.0,60,24,44
2973.0,60,24,44
2974.0,60,24,44
2975.0,60,24,44
2976.0,60,24,44
2977.0,60,24,44
2978.0,60,24,44
2979.0,60,24,44
2980.0,60,24,44
2981.0,60,24,44
2982.0,60,24,44
2983.0,60,24,44
2984.0,60,24,44
2985.0,60,24,44
2986.0,60,24,44
2987.0,60,24,44
2988.0,60,24,44
2989.0,60,24,44
2990.0,60,24,44
2991.0,60,24,44
2992.0,60,24,44
2993.0,60,24,44
2994.0,60,24,44
2995.0,60,24,44
2996.0,60,24,44
2997.0,60,24,44
2998.0,60,24,44
2999.0,60,24,44
3000.0,60,24,44
3001.0,60,24,44
3002.0,60,24,44
3003.0,60,24,44
3004.0,60,24,44
3005.0,60,24,44
3006.0,60,24,44
3007.0,60,24,44
3008.0,60,24,44
3009.0,60,24,44
3010.0,60,24,44
3011.0,60,24,44
3012.0,60,24,44
3013.0,60,24,44
3014.0,60,24,44
3015.0,60,24,44
3016.0,60,24,44
3017.0,60,24,44
3018.0,60,24,44
3019.0,60,24,44
3020.0,60,24,44
3021.0,60,24,44
3022.0,60,24,44
3023.0,60,24,44
3024.0,60,24,44
3025.0,60,24,44
3026.0,60,24,44
3027.0,60,24,44
3028.0,60,24,44
3029.0,60,24,44
3030.0,60,24,44
3031.0,60,24,44
3032.0,60,24,44
3033.0,60,24,44
3034.0,60,24,44
3035.0,60,24,44
3036.0,60,24,44
3037.0,60,24,44
3038.0,60,24,44
3039.0,60,24,44
3040.0,60,24,44
3041.0,60,24,44
3042.0,60,24,44
3043.0,60,24,44
3044.0,60,24,44
3045.0,60,24,44
3046.0,60,24,44
3047.0,60,24,44
3048.0,60,24,44
3049.0,60,24,44
3050.0,60,24,45
3051.0,60,24,45
3052.0,60,24,45
3053.0,60,24,45
3054.0,60,24,45
3055.0,60,24,45
3056.0,60,24,45
3057.0,60,24,45
3058.0,60,24,45
3059.0,60,24,45
3060.0,60,24,45
3061.0,60,24,45
3062.0,60,24,45
3063.0,60,24,45
3064.0,60,24,45
3065.0,60,24,45
3066.0,60,24,45
3067.0,60,24,45
3068.0,60,24,45
3069.0,60,24,45
3070.0,60,24,45
3071.0,60,24,45
3072.0,60,24,45
3073.0,60,24,45
3074.0,60,24,45
3075.0,60,24,45
3076.0,60,24,45
3077.0,60,24,45
3078.0,60,24,45
3079.0,60,24,45
3080.0,60,24,45
3081.0,60,24,45
3082.0,60,24,45
3083.0,60,24,45
3084.0,60,24,45
3085.0,60,24,46
3086.0,60,24,46
3087.0,60,24,46
3088.0,60,24,46
3089.0,60,24,46
3090.0,60,24,46
3091.0,60,24,46
3092.0,60,24,46
3093.0,60,24,46
3094.0,60,24,46
3095.0,60,24,46
3096.0,60,24,46
3097.0,60,24,46
3098.0,60,24,46
3099.0,60,24,46
3100.0,60,24,46
3101.0,60,24,46
3102.0,60,24,46
3103.0,60,24,46
3104.0,60,24,46
3105.0,60,24,46
3106.0,60,24,46
3107.0,60,24,46
3108.0,60,24,46
3109.0,60,24,46
3110.0,60,24,46
3111.0,60,24,46
3112.0,60,24,46
3113.0,60,24,46
3114.0,60,24,46
3115.0,60,24,46
3116.0,60,24,46
3117.0,60,24,46
3118.0,60,24,46
3119.0,60,24,46
3120.0,60,24,46
3121.0,60,24,46
3122.0,60,24,46
3123.0,60,24,46
3124.0,60,24,46
3125.0,60,24,46
3126.0,60,24,46
3127.0,60,24,46
3128.0,60,24,46
3129.0,60,24,46
3130.0,60,24,46
3131.0,60,24,46
3132.0,60,24,46
3133.0,60,24,47
3134.0,60,24,47
3135.0,60,24,47
3136.0,60,24,47
3137.0,60,24,47
3138.0,60,24,47
3139.0,60,24,47
3140.0,60,24,47
3141.0,60,24,47
3142.0,60,24,47
3143.0,60,24,47
3144.0,60,24,47
3145.0,60,24,47
3146.0,60,24,47
3147.0,60,24,47
3148.0,60,24,47
3149.0,60,24,47
3150.0,60,24,47
3151.0,60,24,47
3152.0,60,24,47
3153.0,60,24,47
3154.0,60,24,47
3155.0,60,24,47
3156.0,60,24,47
3157.0,60,24,47
3158.0,60,24,47
3159.0,60,24,47
3160.0,60,24,47
3161.0,60,24,47
3162.0,60,24,47
3163.0,60,24,47
3164.0,60,24,47
3165.0,60,24,47
3166.0,60,24,47
3167.0,60,24,47
3168.0,60,24,47
3169.0,60,24,47
3170.0,60,24,47
3171.0,60,24,47
3172.0,60,24,47
3173.0,60,24,47
3174.0,60,24,47
3175.0,60,24,48
3176.0,60,24,48
3177.0,60,24,48
3178.0,60,24,48
3179.0,60,24,48
3180.0,60,24,48
3181.0,60,24,48
3182.0,60,24,48
3183.0,60,24,48
3184.0,60,24,48
3185.0,60,24,48
3186.0,60,24,48
3187.0,60,24,48
3188.0,60,24,48
3189.0,60,24,48
3190.0,60,24,48
3191.0,60,24,48
3192.0,60,24,48
3193.0,60,24,48
3194.0,60,24,48
3195.0,60,24,48
3196.0,60,24,48
3197.0,60,24,48
3198.0,60,24,48
3199.0,60,24,48
3200.0,60,24,48
3201.0,60,24,48
3202.0,60,24,48
3203.0,60,24,48
3204.0,60,24,48
3205.0,60,24,48
3206.0,60,24,48
3207.0,60,24,48
3208.0,60,24,48
3209.0,60,24,48
3210.0,60,24,48
3211.0,60,24,48
3212.0,60,24,48
3213.0,60,24,48
3214.0,60,24,48
3215.0,60,24,48
3216.0,60,24,48
3217.0,60,24,48
3218.0,60,24,48
3219.0,60,24,48
3220.0,60,24,48
3221.0,60,24,48
3222.0,60,24,48
3223.0,60,24,48
3224.0,60,24,48
3225.0,60,24,48
3226.0,60,24,48
3227.0,60,24,48
3228.0,60,24,48
3229.0,60,24,48
3230.0,60,24,48
3231.0,60,24,48
3232.0,60,24,48
3233.0,60,24,48
3234.0,60,24,48
3235.0,60,24,48
3236.0,60,24,48
3237.0,60,24,48
3238.0,60,24,48
3239.0,60,24,48
3240.0,60,24,48
3241.0,60,24,49
3242.0,60,24,49
3243.0,60,24,49
3244.0,60,24,49
3245.0,60,24,49
3246.0,60,24,49
3247.0,60,24,49
3248.0,60,24,49
3249.0,60,24,49
3250.0,60,24,49
3251.0,60,24,49
3252.0,60,24,49
3253.0,60,24,49
3254.0,60,24,49
3255.0,60,24,49
3256.0,60,24,49
3257.0,60,24,49
3258.0,60,24,49
3259.0,60,24,49
3260.0,60,24,49
3261.0,60,24,49
3262.0,60,24,50
3263.0,60,24,51
3264.0,60,24,51
3265.0,60,24,51
3266.0,60,24,51
3267.0,60,24,51
3268.0,60,24,51
3269.0,60,24,51
3270.0,60,24,51
3271.0,60,24,51
3272.0,60,24,51
3273.0,60,24,51
3274.0,60,24,51
3275.0,60,24,51
3276.0,60,24,51
3277.0,60,24,51
3278.0,60,24,51
3279.0,60,24,51
3280.0,60,24,51
3281.0,60,24,51
3282.0,60,24,51
3283.0,60,24,51
3284.0,60,24,51
3285.0,60,24,51
3286.0,60,24,51
3287.0,60,24,51
3288.0,60,24,51
3289.0,60,24,51
3290.0,60,24,51
3291.0,60,24,51
3292.0,60,24,51
3293.0,60,24,51
3294.0,60,24,51
3295.0,60,24,51
3296.0,60,24,51
3297.0,60,24,51
3298.0,60,24,51
3299.0,60,24,51
3300.0,60,24,51
3301.0,60,24,51
3302.0,60,24,51
3303.0,60,24,51
3304.0,60,24,51
3305.0,60,24,51
3306.0,60,24,51
3307.0,60,24,51
3308.0,60,24,51
3309.0,60,24,51
3310.0,60,24,51
3311.0,60,24,51
3312.0,60,24,51
3313.0,60,24,51
3314.0,60,24,51
3315.0,60,24,51
3316.0,60,24,51
3317.0,60,24,51
3318.0,60,24,51
3319.0,60,24,51
3320.0,60,24,51
3321.0,60,24,51
3322.0,60,24,51
3323.0,60,24,51
3324.0,60,24,51
3325.0,60,24,51
3326.0,60,24,51
3327.0,60,24,51
3328.0,60,24,51
3329.0,60,24,51
3330.0,60,24,51
3331.0,60,24,52
3332.0,60,24,52
3333.0,60,24,52
3334.0,60,24,52
3335.0,60,24,52
3336.0,60,24,52
3337.0,60,24,52
3338.0,60,24,52
3339.0,60,24,52
3340.0,60,24,52
3341.0,60,24,52
3342.0,60,24,52
3343.0,60,24,52
3344.0,60,24,52
3345.0,60,24,52
3346.0,60,24,52
3347.0,60,24,52
3348.0,60,24,52
3349.0,60,24,52
3350.0,60,24,52
3351.0,60,24,52
3352.0,60,24,52
3353.0,60,24,52
3354.0,60,24,52
3355.0,60,24,52
3356.0,60,24,52
3357.0,60,24,52
3358.0,60,24,52
3359.0,60,24,52
3360.0,60,24,52
3361.0,60,24,52
3362.0,60,24,52
3363.0,60,24,52
3364.0,60,24,52
3365.0,60,24,52
3366.0,60,24,52
3367.0,60,24,52
3368.0,60,24,52
3369.0,60,24,52
3370.0,60,24,52
3371.0,60,24,52
3372.0,60,24,52
3373.0,60,24,52
3374.0,60,24,52
3375.0,60,24,52
3376.0,60,24,52
3377.0,60,24,52
3378.0,60,24,52
3379.0,60,24,52
3380.0,60,24,52
3381.0,60,24,52
3382.0,60,24,52
3383.0,60,24,52
3384.0,60,24,52
3385.0,60,24,52
3386.0,60,24,52
3387.0,60,24,52
3388.0,60,24,52
3389.0,60,24,52
3390.0,60,24,52
3391.0,60,24,52
3392.0,60,24,52
3393.0,60,24,52
3394.0,60,24,52
3395.0,60,24,52
3396.0,60,24,53
3397.0,60,24,53
3398.0,60,24,53
3399.0,60,24,53
3400.0,60,24,53
3401.0,60,24,53
3402.0,60,24,53
3403.0,60,24,53
3404.0,60,24,53
3405.0,60,24,53
3406.0,60,24,53
3407.0,60,24,53
3408.0,60,24,53
3409.0,60,24,53
3410.0,60,24,53
3411.0,60,24,53
3412.0,60,24,53
3413.0,60,24,53
3414.0,60,24,53
3415.0,60,24,53
3416.0,60,24,53
3417.0,60,24,53
3418.0,60,24,53
3419.0,60,24,53
3420.0,60,24,53
3421.0,60,24,53
3422.0,60,24,53
3423.0,60,24,53
3424.0,60,24,53
3425.0,60,24,53
3426.0,60,24,53
3427.0,60,24,53
3428.0,60,24,53
3429.0,60,24,53
3430.0,60,24,53
3431.0,60,24,53
3432.0,60,24,53
3433.0,60,24,53
3434.0,60,24,53
3435.0,60,24,53
3436.0,60,24,53
3437.0,60,24,53
3438.0,60,24,53
3439.0,60,24,53
3440.0,60,24,53
3441.0,60,24,53
3442.0,60,24,53
3443.0,60,24,53
3444.0,60,24,53
3445.0,60,24,53
3446.0,60,24,53
3447.0,60,24,53
3448.0,60,24,53
3449.0,60,24,53
3450.0,60,24,53
3451.0,60,24,53
3452.0,60,24,53
3453.0,60,24,53
3454.0,60,24,53
3455.0,60,24,53
3456.0,60,24,53
3457.0,60,24,53
3458.0,60,24,53
3459.0,60,24,53
3460.0,60,24,53
3461.0,60,24,53
3462.0,60,24,53
3463.0,60,24,53
3464.0,60,24,53
3465.0,60,24,53
3466.0,60,24,53
3467.0,60,24,53
3468.0,60,24,53
3469.0,60,24,53
3470.0,60,24,53
3471.0,60,24,53
3472.0,60,24,53
3473.0,60,24,53
3474.0,60,24,53
3475.0,60,24,53
3476.0,60,24,53
3477.0,60,24,53
3478.0,60,24,53
3479.0,60,24,53
3480.0,60,24,53
3481.0,60,24,53
3482.0,60,24,53
3483.0,60,24,53
3484.0,60,24,53
3485.0,60,24,53
3486.0,60,24,53
3487.0,60,24,53
3488.0,60,24,53
3489.0,60,24,53
3490.0,60,24,53
3491.0,60,24,53
3492.0,60,24,53
3493.0,60,24,53
3494.0,60,24,53
3495.0,60,24,53
3496.0,60,24,53
3497.0,60,24,53
3498.0,60,24,54
3499.0,60,24,54
3500.0,60,24,54
3501.0,60,24,54
3502.0,60,24,54
3503.0,60,24,54
3504.0,60,24,54
3505.0,60,24,54
3506.0,60,24,54
3507.0,60,24,54
3508.0,60,24,54
3509.0,60,24,54
3510.0,60,24,54
3511.0,60,24,55
3512.0,60,24,55
3513.0,60,24,55
3514.0,60,24,55
3515.0,60,24,55
3516.0,60,24,55
3517.0,60,24,55
3518.0,60,24,55
3519.0,60,24,55
3520.0,60,24,55
3521.0,60,24,55
3522.0,60,24,55
3523.0,60,24,55
3524.0,60,24,55
3525.0,60,24,55
3526.0,60,24,55
3527.0,60,24,55
3528.0,60,24,55
3529.0,60,24,55
3530.0,60,24,55
3531.0,60,24,55
3532.0,60,24,55
3533.0,60,24,55
3534.0,60,24,55
3535.0,60,24,55
3536.0,60,24,55
3537.0,60,24,55
3538.0,60,24,55
3539.0,60,24,55
3540.0,60,24,55
3541.0,60,24,55
3542.0,60,24,55
3543.0,60,24,55
3544.0,60,24,55
3545.0,60,24,55
3546.0,60,24,55
3547.0,60,24,55
3548.0,60,24,55
3549.0,60,24,55
3550.0,60,24,55
3551.0,60,24,55
3552.0,60,24,55
3553.0,60,24,55
3554.0,60,24,55
3555.0,60,24,55
3556.0,60,24,55
3557.0,60,24,55
3558.0,60,24,55
3559.0,60,24,55
3560.0,60,24,55
3561.0,60,24,55
3562.0,60,24,55
3563.0,60,24,55
3564.0,60,24,55
3565.0,60,24,55
3566.0,60,24,55
3567.0,60,24,55
3568.0,60,24,55
3569.0,60,24,55
3570.0,60,24,55
3571.0,60,24,55
3572.0,60,24,55
3573.0,60,24,55
3574.0,60,24,55
3575.0,60,24,55
3576.0,60,24,55
3577.0,60,24,55
3578.0,60,24,55
3579.0,60,24,55
3580.0,60,24,55
3581.0,60,24,55
3582.0,60,24,55
3583.0,60,24,55
3584.0,60,24,55
3585.0,60,24,55
3586.0,60,24,55
3587.0,60,24,56
3588.0,60,24,56
3589.0,60,24,56
3590.0,60,24,56
3591.0,60,24,56
3592.0,60,24,56
3593.0,60,24,56
3594.0,60,24,56
3595.0,60,24,56
3596.0,60,24,56
3597.0,60,24,56
3598.0,60,24,56
3599.0,60,24,56
3600.0,60,24,56
3601.0,60,24,56
3602.0,60,24,56
3603.0,60,24,56
3604.0,60,24,56
3605.0,60,24,56
3606.0,60,24,56
3607.0,60,24,56
3608.0,60,24,56
3609.0,60,24,56
3610.0,60,24,56
3611.0,60,24,56
3612.0,60,24,56
3613.0,60,24,56
3614.0,60,24,57
3615.0,60,24,57
3616.0,60,24,57
3617.0,60,24,57
3618.0,60,24,57
3619.0,60,24,57
3620.0,60,24,57
3621.0,60,24,57
3622.0,60,24,57
3623.0,60,24,57
3624.0,60,24,57
3625.0,60,24,57
3626.0,60,24,57
3627.0,60,24,57
3628.0,60,24,57
3629.0,60,24,57
3630.0,60,24,57
3631.0,60,24,57
3632.0,60,24,57
3633.0,60,24,57
3634.0,60,24,57
3635.0,60,24,57
3636.0,60,24,57
3637.0,60,24,57
3638.0,60,24,57
3639.0,60,24,57
3640.0,60,24,57
3641.0,60,24,57
3642.0,60,24,57
3643.0,60,24,57
3644.0,60,24,57
3645.0,60,24,57
3646.0,60,24,57
3647.0,60,24,57
3648.0,60,24,57
3649.0,60,24,57
3650.0,60,24,57
3651.0,60,24,57
3652.0,60,24,57
3653.0,60,24,57
3654.0,60,24,57
3655.0,60,24,57
3656.0,60,24,57
3657.0,60,24,57
3658.0,60,24,57
3659.0,60,24,57
3660.0,60,24,57
3661.0,60,24,58
3662.0,60,24,58
3663.0,60,24,58
3664.0,60,24,58
3665.0,60,24,58
3666.0,60,24,58
3667.0,60,24,58
3668.0,60,24,58
3669.0,60,24,58
3670.0,60,24,58
3671.0,60,24,58
3672.0,60,24,58
3673.0,60,24,58
3674.0,60,24,58
3675.0,60,24,58
3676.0,60,24,58
3677.0,60,24,58
3678.0,60,24,58
3679.0,60,24,58
3680.0,60,24,58
3681.0,60,24,58
3682.0,60,24,58
3683.0,60,24,58
3684.0,60,24,58
3685.0,60,24,58
3686.0,60,24,58
3687.0,60,24,58
3688.0,60,24,58
3689.0,60,24,58
3690.0,60,24,58
3691.0,60,24,58
3692.0,60,24,58
3693.0,60,24,58
3694.0,60,24,58
3695.0,60,24,58
3696.0,60,24,58
3697.0,60,24,58
3698.0,60,24,58
3699.0,60,24,58
3700.0,60,24,58
3701.0,60,24,58
3702.0,60,24,58
3703.0,60,24,58
3704.0,60,24,58
3705.0,60,24,58
3706.0,60,24,58
3707.0,60,24,58
3708.0,60,24,58
3709.0,60,24,58
3710.0,60,24,58
3711.0,60,24,58
3712.0,60,24,58
3713.0,60,24,58
3714.0,60,24,58
3715.0,60,24,58
3716.0,60,24,58
3717.0,60,24,58
3718.0,60,24,58
3719.0,60,24,58
3720.0,60,24,58
3721.0,60,24,58
3722.0,60,24,58
3723.0,60,24,58
3724.0,60,24,58
3725.0,60,24,58
3726.0,60,24,58
3727.0,60,24,58
3728.0,60,24,58
3729.0,60,24,58
3730.0,60,24,58
3731.0,60,24,58
3732.0,60,24,58
3733.0,60,24,58
3734.0,60,24,58
3735.0,60,24,58
3736.0,60,24,58
3737.0,60,24,58
3738.0,60,24,58
3739.0,60,24,58
3740.0,60,24,58
3741.0,60,24,58
3742.0,60,24,58
3743.0,60,24,58
3744.0,60,24,58
3745.0,60,24,58
3746.0,60,24,58
3747.0,60,24,58
3748.0,60,24,58
3749.0,60,24,58
3750.0,60,24,58
3751.0,60,24,58
3752.0,60,24,58
3753.0,60,24,58
3754.0,60,24,58
3755.0,60,24,58
3756.0,60,24,58
3757.0,60,24,58
3758.0,60,24,58
3759.0,60,24,58
3760.0,60,24,58
3761.0,60,24,58
3762.0,60,24,58
3763.0,60,24,58
3764.0,60,24,58
3765.0,60,24,58
3766.0,60,24,58
3767.0,60,24,58
3768.0,60,24,58
3769.0,60,24,58
3770.0,60,24,58
3771.0,60,24,58
3772.0,60,24,58
3773.0,60,24,58
3774.0,60,24,58
3775.0,60,24,58
3776.0,60,24,58
3777.0,60,24,58
3778.0,60,24,58
3779.0,60,24,58
3780.0,60,24,58
3781.0,60,24,58
3782.0,60,24,58
3783.0,60,24,58
3784.0,60,24,58
3785.0,60,24,58
3786.0,60,24,58
3787.0,60,24,58
3788.0,60,24,58
3789.0,60,24,58
3790.0,60,24,58
3791.0,60,24,58
3792.0,60,24,58
3793.0,60,24,58
3794.0,60,24,58
3795.0,60,24,58
3796.0,60,24,58
3797.0,60,24,58
3798.0,60,24,58
3799.0,60,24,58
3800.0,60,24,58
3801.0,60,24,58
3802.0,60,24,58
3803.0,60,24,58
3804.0,60,24,58
3805.0,60,24,58
3806.0,60,24,58
3807.0,60,24,58
3808.0,60,24,58
3809.0,60,24,58
3810.0,60,24,58
3811.0,60,24,58
3812.0,60,24,58
3813.0,60,24,58
3814.0,60,24,58
3815.0,60,24,58
3816.0,60,24,58
3817.0,60,24,58
3818.0,60,24,58
3819.0,60,24,58
3820.0,60,24,58
3821.0,60,24,58
3822.0,60,24,58
3823.0,60,24,58
3824.0,60,24,58
3825.0,60,24,58
3826.0,60,24,58
3827.0,60,24,58
3828.0,60,24,58
3829.0,60,24,58
3830.0,60,24,58
3831.0,60,24,58
3832.0,60,24,58
3833.0,60,24,58
3834.0,60,24,58
3835.0,60,24,58
3836.0,60,24,58
3837.0,60,24,58
3838.0,60,24,58
3839.0,60,24,59
3840.0,60,24,59
3841.0,60,24,59
3842.0,60,24,59
3843.0,60,24,59
3844.0,60,24,59
3845.0,60,24,59
3846.0,60,24,59
3847.0,60,24,59
3848.0,60,24,59
3849.0,60,24,59
3850.0,60,24,59
3851.0,60,24,59
3852.0,60,24,59
3853.0,60,24,59
3854.0,60,24,59
3855.0,60,24,59
3856.0,60,24,59
3857.0,60,24,59
3858.0,60,24,59
3859.0,60,24,59
3860.0,60,24,59
3861.0,60,24,59
3862.0,60,24,59
3863.0,60,24,59
3864.0,60,24,59
3865.0,60,24,59
3866.0,60,24,59
3867.0,60,24,59
3868.0,60,24,59
3869.0,60,24,59
3870.0,60,24,59
3871.0,60,24,59
3872.0,60,24,59
3873.0,60,24,59
3874.0,60,24,59
3875.0,60,24,59
3876.0,60,24,59
3877.0,60,24,59
3878.0,60,24,59
3879.0,60,24,59
3880.0,60,24,59
3881.0,60,24,60
3882.0,60,24,60
3883.0,60,24,60
3884.0,60,24,60
3885.0,60,24,60
3886.0,60,24,60
3887.0,60,24,60
3888.0,60,24,60
3889.0,60,24,60
3890.0,60,24,60
3891.0,60,24,60
3892.0,60,24,60
3893.0,60,24,60
3894.0,60,24,60
3895.0,60,24,60
3896.0,60,24,60
3897.0,60,24,60
3898.0,60,24,60
3899.0,60,24,60
3900.0,60,24,60
3901.0,60,24,60
3902.0,60,24,60
3903.0,60,24,60
3904.0,60,24,60
3905.0,60,24,60
3906.0,60,24,60
3907.0,60,24,60
3908.0,60,24,60
3909.0,60,24,60
3910.0,60,24,60
3911.0,60,24,60
3912.0,60,24,60
3913.0,60,24,60
3914.0,60,24,60
3915.0,60,24,60
3916.0,60,24,60
3917.0,60,24,60
3918.0,60,24,60
3919.0,60,24,60
3920.0,60,24,60
3921.0,60,24,60
3922.0,60,24,60
3923.0,60,24,60
3924.0,60,24,60
3925.0,60,24,60
3926.0,60,24,60
3927.0,60,24,60
3928.0,60,24,60
3929.0,60,24,60
3930.0,60,24,60
3931.0,60,24,60
3932.0,60,24,60
3933.0,60,24,60
3934.0,60,24,60
3935.0,60,24,60
3936.0,60,24,60
3937.0,60,24,60
3938.0,60,24,60
3939.0,60,24,60
3940.0,60,24,60
3941.0,60,24,60
3942.0,60,24,60
3943.0,60,24,60
3944.0,60,24,60
3945.0,60,24,60
3946.0,60,24,60
3947.0,60,24,60
3948.0,60,24,60
3949.0,60,24,60
3950.0,60,24,60
3951.0,60,24,60
3952.0,60,24,60
3953.0,60,24,60
3954.0,60,24,60
3955.0,60,24,60
3956.0,60,24,60
3957.0,60,24,60
3958.0,60,24,60
3959.0,60,24,60
3960.0,60,24,60
3961.0,60,24,60
3962.0,60,24,60
3963.0,60,24,60
3964.0,60,24,60
3965.0,60,24,60
3966.0,60,24,60
3967.0,60,24,60
3968.0,60,24,60
3969.0,60,24,60
3970.0,60,24,60
3971.0,60,24,60
3972.0,60,24,60
3973.0,60,24,60
3974.0,60,24,61
3975.0,60,24,61
3976.0,60,24,61
3977.0,60,24,61
3978.0,60,24,61
3979.0,60,24,61
3980.0,60,24,61
3981.0,60,24,61
3982.0,60,24,61
3983.0,60,24,61
3984.0,60,24,61
3985.0,60,24,61
3986.0,60,24,61
3987.0,60,24,61
3988.0,60,24,61
3989.0,60,24,61
3990.0,60,24,61
3991.0,60,24,61
3992.0,60,24,61
3993.0,60,24,61
3994.0,60,24,61
3995.0,60,24,61
3996.0,60,24,61
3997.0,60,24,61
3998.0,60,24,61
3999.0,60,24,61
4000.0,60,24,61
4001.0,60,24,61
4002.0,60,24,61
4003.0,60,24,61
4004.0,60,24,61
4005.0,60,24,61
4006.0,60,24,61
4007.0,60,24,61
4008.0,60,24,61
4009.0,60,24,61
4010.0,60,24,61
4011.0,60,24,61
4012.0,60,24,61
4013.0,60,24,61
4014.0,60,24,61
4015.0,60,24,61
4016.0,60,24,61
4017.0,60,24,61
4018.0,60,24,61
4019.0,60,24,61
4020.0,60,24,61
4021.0,60,24,61
4022.0,60,24,61
4023.0,60,24,61
4024.0,60,24,61
4025.0,60,24,61
4026.0,60,24,61
4027.0,60,24,61
4028.0,60,24,61
4029.0,60,24,61
4030.0,60,24,61
4031.0,60,24,61
4032.0,60,24,61
4033.0,60,24,61
4034.0,60,24,61
4035.0,60,24,61
4036.0,60,24,62
4037.0,60,24,62
4038.0,60,24,62
4039.0,60,24,62
4040.0,60,24,62
4041.0,60,24,62
4042.0,60,24,62
4043.0,60,24,62
4044.0,60,24,62
4045.0,60,24,62
4046.0,60,24,62
4047.0,60,24,62
4048.0,60,24,62
4049.0,60,24,62
4050.0,60,24,62
4051.0,60,24,62
4052.0,60,24,62
4053.0,60,24,62
4054.0,60,24,62
4055.0,60,24,62
4056.0,60,24,62
4057.0,60,24,62
4058.0,60,24,62
4059.0,60,24,62
4060.0,60,24,62
4061.0,60,24,62
4062.0,60,24,62
4063.0,60,24,62
4064.0,60,24,62
4065.0,60,24,62
4066.0,60,24,62
4067.0,60,24,62
4068.0,60,24,62
4069.0,60,24,62
4070.0,60,24,62
4071.0,60,24,62
4072.0,60,24,62
4073.0,60,24,62
4074.0,60,24,62
4075.0,60,24,62
4076.0,60,24,62
4077.0,60,24,62
4078.0,60,24,62
4079.0,60,24,62
4080.0,60,24,62
4081.0,60,24,62
4082.0,60,24,62
4083.0,60,24,62
4084.0,60,24,62
4085.0,60,24,62
4086.0,60,24,62
4087.0,60,24,62
4088.0,60,24,62
4089.0,60,24,62
4090.0,60,24,62
4091.0,60,24,62
4092.0,60,24,62
4093.0,60,24,62
4094.0,60,24,62
4095.0,60,24,62
4096.0,60,24,62
4097.0,60,24,62
4098.0,60,24,62
4099.0,60,24,62
4100.0,60,24,62
4101.0,60,24,62
4102.0,60,24,63
4103.0,60,24,63
4104.0,60,24,63
4105.0,60,24,63
4106.0,60,24,63
4107.0,60,24,63
4108.0,60,24,63
4109.0,60,24,63
4110.0,60,24,63
4111.0,60,24,63
4112.0,60,24,63
4113.0,60,24,63
4114.0,60,24,63
4115.0,60,24,63
4116.0,60,24,63
4117.0,60,24,63
4118.0,60,24,63
4119.0,60,24,63
4120.0,60,24,63
4121.0,60,24,63
4122.0,60,24,63
4123.0,60,24,63
4124.0,60,24,63
4125.0,60,24,63
4126.0,60,24,63
4127.0,60,24,63
4128.0,60,24,63
4129.0,60,24,63
4130.0,60,24,63
4131.0,60,24,63
4132.0,60,24,63
4133.0,60,24,63
4134.0,60,24,63
4135.0,60,24,63
4136.0,60,24,63
4137.0,60,24,63
4138.0,60,24,63
4139.0,60,24,63
4140.0,60,24,63
4141.0,60,24,63
4142.0,60,24,63
4143.0,60,24,63
4144.0,60,24,63
4145.0,60,24,63
4146.0,60,24,63
4147.0,60,24,63
4148.0,60,24,63
4149.0,60,24,63
4150.0,60,24,63
4151.0,60,24,63
4152.0,60,24,63
4153.0,60,24,63
4154.0,60,24,63
4155.0,60,24,63
4156.0,60,24,63
4157.0,60,24,63
4158.0,60,24,63
4159.0,60,24,63
4160.0,60,24,63
4161.0,60,24,63
4162.0,60,24,63
4163.0,60,24,63
4164.0,60,24,63
4165.0,60,24,63
4166.0,60,24,63
4167.0,60,24,63
4168.0,60,24,63
4169.0,60,24,63
4170.0,60,24,63
4171.0,60,24,63
4172.0,60,24,63
4173.0,60,24,63
4174.0,60,24,63
4175.0,60,24,63
4176.0,60,24,63
4177.0,60,24,63
4178.0,60,24,63
4179.0,60,24,63
4180.0,60,24,63
4181.0,60,24,63
4182.0,60,24,63
4183.0,60,24,63
4184.0,60,24,63
4185.0,60,24,63
4186.0,60,24,63
4187.0,60,24,63
4188.0,60,24,63
4189.0,60,24,63
4190.0,60,24,63
4191.0,60,24,63
4192.0,60,24,63
4193.0,60,24,63
4194.0,60,24,63
4195.0,60,24,63
4196.0,60,24,63
4197.0,60,24,63
4198.0,60,24,63
4199.0,60,24,63
4200.0,60,24,63
4201.0,60,24,63
4202.0,60,24,63
4203.0,60,24,63
4204.0,60,24,63
4205.0,60,24,63
4206.0,60,24,63
4207.0,60,24,63
4208.0,60,24,63
4209.0,60,24,63
4210.0,60,24,63
4211.0,60,24,63
4212.0,60,24,63
4213.0,60,24,63
4214.0,60,24,63
4215.0,60,24,63
4216.0,60,24,63
4217.0,60,24,63
4218.0,60,24,63
4219.0,60,24,63
4220.0,60,24,63
4221.0,60,24,63
4222.0,60,24,63
4223.0,60,24,63
4224.0,60,24,63
4225.0,60,24,63
4226.0,60,24,63
4227.0,60,24,63
4228.0,60,24,63
4229.0,60,24,63
4230.0,60,24,63
4231.0,60,24,63
4232.0,60,24,63
4233.0,60,24,63
4234.0,60,24,63
4235.0,60,24,63
4236.0,60,24,63
4237.0,60,24,63
4238.0,60,24,63
4239.0,60,24,63
4240.0,60,24,63
4241.0,60,24,63
4242.0,60,24,63
4243.0,60,24,63
4244.0,60,24,63
4245.0,60,24,63
4246.0,60,24,63
4247.0,60,24,63
4248.0,60,24,63
4249.0,60,24,63
4250.0,60,24,63
4251.0,60,24,63
4252.0,60,24,63
4253.0,60,24,63
4254.0,60,24,63
4255.0,60,24,63
4256.0,60,24,63
4257.0,60,24,63
4258.0,60,24,63
4259.0,60,24,63
4260.0,60,24,63
4261.0,60,24,63
4262.0,60,24,63
4263.0,60,24,63
4264.0,60,24,63
4265.0,60,24,64
4266.0,60,24,64
4267.0,60,24,64
4268.0,60,24,64
4269.0,60,24,64
4270.0,60,24,64
4271.0,60,24,64
4272.0,60,24,64
4273.0,60,24,64
4274.0,60,24,64
4275.0,60,24,64
4276.0,60,24,64
4277.0,60,24,64
4278.0,60,24,64
4279.0,60,24,64
4280.0,60,24,64
4281.0,60,24,64
4282.0,60,24,64
4283.0,60,24,64
4284.0,60,24,64
4285.0,60,24,64
4286.0,60,24,64
4287.0,60,24,64
4288.0,60,24,64
4289.0,60,24,64
4290.0,60,24,64
4291.0,60,24,64
4292.0,60,24,64
4293.0,60,24,64
4294.0,60,24,64
4295.0,60,24,64
4296.0,60,24,64
4297.0,60,24,64
4298.0,60,24,64
4299.0,60,24,64
4300.0,60,24,64
4301.0,60,24,64
4302.0,60,24,64
4303.0,60,24,64
4304.0,60,24,64
4305.0,60,24,64
4306.0,60,24,64
4307.0,60,24,64
4308.0,60,24,64
4309.0,60,24,64
4310.0,60,24,64
4311.0,60,24,64
4312.0,60,24,64
4313.0,60,24,64
4314.0,60,24,64
4315.0,60,24,64
4316.0,60,24,64
4317.0,60,24,64
4318.0,60,24,64
4319.0,60,24,64
4320.0,60,24,64
4321.0,60,24,64
4322.0,60,24,64
4323.0,60,24,64
4324.0,60,24,64
4325.0,60,24,64
4326.0,60,24,64
4327.0,60,24,64
4328.0,60,24,64
4329.0,60,24,64
4330.0,60,24,64
4331.0,60,24,64
4332.0,60,24,64
4333.0,60,24,64
4334.0,60,24,64
4335.0,60,24,64
4336.0,60,24,64
4337.0,60,24,64
4338.0,60,24,64
4339.0,60,24,64
4340.0,60,24,64
4341.0,60,24,64
4342.0,60,24,64
4343.0,60,24,64
4344.0,60,24,64
4345.0,60,24,64
4346.0,60,24,64
4347.0,60,24,64
4348.0,60,24,64
4349.0,60,24,64
4350.0,60,24,64
4351.0,60,24,64
4352.0,60,24,64
4353.0,60,24,64
4354.0,60,24,64
4355.0,60,24,64
4356.0,60,24,64
4357.0,60,24,64
4358.0,60,24,64
4359.0,60,24,64
4360.0,60,24,64
4361.0,60,24,64
4362.0,60,24,64
4363.0,60,24,64
4364.0,60,24,64
4365.0,60,24,64
4366.0,60,24,64
4367.0,60,24,64
4368.0,60,24,64
4369.0,60,24,64
4370.0,60,24,64
4371.0,60,24,64
4372.0,60,24,64
4373.0,60,24,64
4374.0,60,24,64
4375.0,60,24,64
4376.0,60,24,64
4377.0,60,24,64
4378.0,60,24,64
4379.0,60,24,64
4380.0,60,24,64
4381.0,60,24,64
4382.0,60,24,64
4383.0,60,24,64
4384.0,60,24,64
4385.0,60,24,65
4386.0,60,24,65
4387.0,60,24,65
4388.0,60,24,65
4389.0,60,24,65
4390.0,60,24,65
4391.0,60,24,65
4392.0,60,24,65
4393.0,60,24,65
4394.0,60,24,65
4395.0,60,24,65
4396.0,60,24,65
4397.0,60,24,65
4398.0,60,24,65
4399.0,60,24,65
4400.0,60,24,65
4401.0,60,24,65
4402.0,60,24,65
4403.0,60,24,65
4404.0,60,24,65
4405.0,60,24,65
4406.0,60,24,65
4407.0,60,24,65
4408.0,60,24,65
4409.0,60,24,65
4410.0,60,24,65
4411.0,60,24,65
4412.0,60,24,65
4413.0,60,24,65
4414.0,60,24,65
4415.0,60,24,65
4416.0,60,24,65
4417.0,60,24,65
4418.0,60,24,65
4419.0,60,24,65
4420.0,60,24,65
4421.0,60,24,65
4422.0,60,24,65
4423.0,60,24,65
4424.0,60,24,65
4425.0,60,24,65
4426.0,60,24,65
4427.0,60,24,65
4428.0,60,24,65
4429.0,60,24,65
4430.0,60,24,65
4431.0,60,24,65
4432.0,60,24,65
4433.0,60,24,65
4434.0,60,24,65
4435.0,60,24,65
4436.0,60,24,67
4437.0,60,24,67
4438.0,60,24,67
4439.0,60,24,67
4440.0,60,24,67
4441.0,60,24,67
4442.0,60,24,67
4443.0,60,24,67
4444.0,60,24,67
4445.0,60,24,67
4446.0,60,24,67
4447.0,60,24,67
4448.0,60,24,67
4449.0,60,24,67
4450.0,60,24,67
4451.0,60,24,67
4452.0,60,24,67
4453.0,60,24,67
4454.0,60,24,67
4455.0,60,24,67
4456.0,60,24,67
4457.0,60,24,67
4458.0,60,24,67
4459.0,60,24,67
4460.0,60,24,67
4461.0,60,24,67
4462.0,60,24,67
4463.0,60,24,67
4464.0,60,24,67
4465.0,60,24,67
4466.0,60,24,67
4467.0,60,24,67
4468.0,60,24,67
4469.0,60,24,67
4470.0,60,24,67
4471.0,60,24,67
4472.0,60,24,67
4473.0,60,24,67
4474.0,60,24,67
4475.0,60,24,67
4476.0,60,24,67
4477.0,60,24,67
4478.0,60,24,67
4479.0,60,24,67
4480.0,60,24,67
4481.0,60,24,67
4482.0,60,24,67
4483.0,60,24,67
4484.0,60,24,67
4485.0,60,24,67
4486.0,60,24,67
4487.0,60,24,67
4488.0,60,24,67
4489.0,60,24,67
4490.0,60,24,67
4491.0,60,24,67
4492.0,60,24,67
4493.0,60,24,67
4494.0,60,24,67
4495.0,60,24,67
4496.0,60,24,67
4497.0,60,24,67
4498.0,60,24,67
4499.0,60,24,67
4500.0,60,24,67
4501.0,60,24,67
4502.0,60,24,67
4503.0,60,24,67
4504.0,60,24,67
4505.0,60,24,67
4506.0,60,24,67
4507.0,60,24,67
4508.0,60,24,67
4509.0,60,24,67
4510.0,60,24,67
4511.0,60,24,67
4512.0,60,24,67
4513.0,60,24,67
4514.0,60,24,67
4515.0,60,24,67
4516.0,60,24,67
4517.0,60,24,68
4518.0,60,24,68
4519.0,60,24,68
4520.0,60,24,68
4521.0,60,24,68
4522.0,60,24,68
4523.0,60,24,68
4524.0,60,24,68
4525.0,60,24,68
4526.0,60,24,68
4527.0,60,24,68
4528.0,60,24,68
4529.0,60,24,68
4530.0,60,24,68
4531.0,60,24,68
4532.0,60,24,69
4533.0,60,24,69
4534.0,60,24,69
4535.0,60,24,69
4536.0,60,24,69
4537.0,60,24,69
4538.0,60,24,69
4539.0,60,24,69
4540.0,60,24,69
4541.0,60,24,69
4542.0,60,24,69
4543.0,60,24,69
4544.0,60,24,69
4545.0,60,24,69
4546.0,60,24,69
4547.0,60,24,69
4548.0,60,24,69
4549.0,60,24,70
4550.0,60,24,70
4551.0,60,24,70
4552.0,60,24,70
4553.0,60,24,70
4554.0,60,24,70
4555.0,60,24,70
4556.0,60,24,70
4557.0,60,24,70
4558.0,60,24,70
4559.0,60,24,70
4560.0,60,24,70
4561.0,60,24,70
4562.0,60,24,70
4563.0,60,24,70
4564.0,60,24,71
4565.0,60,24,71
4566.0,60,24,71
4567.0,60,24,71
4568.0,60,24,71
4569.0,60,24,71
4570.0,60,24,71
4571.0,60,24,71
4572.0,60,24,71
4573.0,60,24,71
4574.0,60,24,71
4575.0,60,24,71
4576.0,60,24,71
4577.0,60,24,71
4578.0,60,24,71
4579.0,60,24,71
4580.0,60,24,71
4581.0,60,24,71
4582.0,60,24,71
4583.0,60,24,71
4584.0,60,24,71
4585.0,60,24,71
4586.0,60,24,71
4587.0,60,24,71
4588.0,60,24,71
4589.0,60,24,71
4590.0,60,24,71
4591.0,60,24,71
4592.0,60,24,71
4593.0,60,24,71
4594.0,60,24,71
4595.0,60,24,71
4596.0,60,24,71
4597.0,60,24,72
4598.0,60,24,72
4599.0,60,24,72
4600.0,60,24,72
4601.0,60,24,72
4602.0,60,24,72
4603.0,60,24,72
4604.0,60,24,72
4605.0,60,24,72
4606.0,60,24,72
4607.0,60,24,72
4608.0,60,24,72
4609.0,60,24,72
4610.0,60,24,72
4611.0,60,24,72
4612.0,60,24,72
4613.0,60,24,72
4614.0,60,24,72
4615.0,60,24,72
4616.0,60,24,72
4617.0,60,24,72
4618.0,60,24,72
4619.0,60,24,72
4620.0,60,24,72
4621.0,60,24,72
4622.0,60,24,72
4623.0,60,24,72
4624.0,60,24,72
4625.0,60,24,72
4626.0,60,24,72
4627.0,60,24,72
4628.0,60,24,72
4629.0,60,24,72
4630.0,60,24,72
4631.0,60,24,72
4632.0,60,24,72
4633.0,60,24,72
4634.0,60,24,72
4635.0,60,24,72
4636.0,60,24,72
4637.0,60,24,72
4638.0,60,24,72
4639.0,60,24,72
4640.0,60,24,72
4641.0,60,24,72
4642.0,60,24,72
4643.0,60,24,72
4644.0,60,24,72
4645.0,60,24,72
4646.0,60,24,72
4647.0,60,24,72
4648.0,60,24,72
4649.0,60,24,72
4650.0,60,24,72
4651.0,60,24,72
4652.0,60,24,72
4653.0,60,24,72
4654.0,60,24,72
4655.0,60,24,72
4656.0,60,24,72
4657.0,60,24,72
4658.0,60,24,72
4659.0,60,24,72
4660.0,60,24,72
4661.0,60,24,72
4662.0,60,24,72
4663.0,60,24,72
4664.0,60,24,72
4665.0,60,24,72
4666.0,60,24,72
4667.0,60,24,72
4668.0,60,24,72
4669.0,60,24,72
4670.0,60,24,72
4671.0,60,24,72
4672.0,60,24,72
4673.0,60,24,72
4674.0,60,24,72
4675.0,60,24,72
4676.0,60,24,72
4677.0,60,24,72
4678.0,60,24,72
4679.0,60,24,72
4680.0,60,24,72
4681.0,60,24,72
4682.0,60,24,72
4683.0,60,24,72
4684.0,60,24,72
4685.0,60,24,72
4686.0,60,24,72
4687.0,60,24,72
4688.0,60,24,72
4689.0,60,24,72
4690.0,60,24,72
4691.0,60,24,72
4692.0,60,24,72
4693.0,60,24,72
4694.0,60,24,72
4695.0,60,24,72
4696.0,60,24,72
4697.0,60,24,72
4698.0,60,24,72
4699.0,60,24,72
4700.0,60,24,72
4701.0,60,24,72
4702.0,60,24,72
4703.0,60,24,72
4704.0,60,24,72
4705.0,60,24,72
4706.0,60,24,72
4707.0,60,24,72
4708.0,60,24,72
4709.0,60,24,72
4710.0,60,24,72
4711.0,60,24,72
4712.0,60,24,72
4713.0,60,24,72
4714.0,60,24,72
4715.0,60,24,72
4716.0,60,24,72
4717.0,60,24,72
4718.0,60,24,72
4719.0,60,24,72
4720.0,60,24,72
4721.0,60,24,72
4722.0,60,24,72
4723.0,60,24,72
4724.0,60,24,72
4725.0,60,24,72
4726.0,60,24,72
4727.0,60,24,72
4728.0,60,24,72
4729.0,60,24,73
4730.0,60,24,73
4731.0,60,24,73
4732.0,60,24,73
4733.0,60,24,73
4734.0,60,24,73
4735.0,60,24,73
4736.0,60,24,73
4737.0,60,24,73
4738.0,60,24,73
4739.0,60,24,73
4740.0,60,24,73
4741.0,60,24,73
4742.0,60,24,73
4743.0,60,24,73
4744.0,60,24,73
4745.0,60,24,73
4746.0,60,24,73
4747.0,60,24,73
4748.0,60,24,73
4749.0,60,24,73
4750.0,60,24,73
4751.0,60,24,73
4752.0,60,24,73
4753.0,60,24,73
4754.0,60,24,73
4755.0,60,24,73
4756.0,60,24,73
4757.0,60,24,73
4758.0,60,24,73
4759.0,60,24,73
4760.0,60,24,73
4761.0,60,24,73
4762.0,60,24,73
4763.0,60,24,73
4764.0,60,24,73
4765.0,60,24,73
4766.0,60,24,73
4767.0,60,24,73
4768.0,60,24,73
4769.0,60,24,73
4770.0,60,24,73
4771.0,60,24,73
4772.0,60,24,73
4773.0,60,24,73
4774.0,60,24,73
4775.0,60,24,73
4776.0,60,24,73
4777.0,60,24,73
4778.0,60,24,73
4779.0,60,24,73
4780.0,60,24,73
4781.0,60,24,73
4782.0,60,24,73
4783.0,60,24,73
4784.0,60,24,73
4785.0,60,24,73
4786.0,60,24,73
4787.0,60,24,73
4788.0,60,24,73
4789.0,60,24,73
4790.0,60,24,73
4791.0,60,24,73
4792.0,60,24,73
4793.0,60,24,73
4794.0,60,24,73
4795.0,60,24,73
4796.0,60,24,73
4797.0,60,24,73
4798.0,60,24,73
4799.0,60,24,73
4800.0,60,24,73
4801.0,60,24,73
4802.0,60,24,73
4803.0,60,24,73
4804.0,60,24,73
4805.0,60,24,73
4806.0,60,24,73
4807.0,60,24,73
4808.0,60,24,73
4809.0,60,24,73
4810.0,60,24,74
4811.0,60,24,74
4812.0,60,24,74
4813.0,60,24,74
4814.0,60,24,74
4815.0,60,24,74
4816.0,60,24,74
4817.0,60,24,74
4818.0,60,24,74
4819.0,60,24,74
4820.0,60,24,74
4821.0,60,24,75
4822.0,60,24,75
4823.0,60,24,75
4824.0,60,24,75
4825.0,60,24,75
4826.0,60,24,75
4827.0,60,24,75
4828.0,60,24,75
4829.0,60,24,75
4830.0,60,24,75
4831.0,60,24,75
4832.0,60,24,75
4833.0,60,24,75
4834.0,60,24,75
4835.0,60,24,75
4836.0,60,24,75
4837.0,60,24,75
4838.0,60,24,75
4839.0,60,24,75
4840.0,60,24,75
4841.0,60,24,75
4842.0,60,24,75
4843.0,60,24,75
4844.0,60,24,75
4845.0,60,24,75
4846.0,60,24,75
4847.0,60,24,75
4848.0,60,24,75
4849.0,60,24,75
4850.0,60,24,75
4851.0,60,24,75
4852.0,60,24,75
4853.0,60,24,75
4854.0,60,24,75
4855.0,60,24,75
4856.0,60,24,75
4857.0,60,24,75
4858.0,60,24,75
4859.0,60,24,75
4860.0,60,24,75
4861.0,60,24,75
4862.0,60,24,75
4863.0,60,24,75
4864.0,60,24,75
4865.0,60,24,75
4866.0,60,24,75
4867.0,60,24,75
4868.0,60,24,75
4869.0,60,24,75
4870.0,60,24,75
4871.0,60,24,75
4872.0,60,24,75
4873.0,60,24,75
4874.0,60,24,75
4875.0,60,24,75
4876.0,60,24,75
4877.0,60,24,75
4878.0,60,24,75
4879.0,60,24,75
4880.0,60,24,75
4881.0,60,24,75
4882.0,60,24,75
4883.0,60,24,75
4884.0,60,24,75
4885.0,60,24,75
4886.0,60,24,75
4887.0,60,24,75
4888.0,60,24,75
4889.0,60,24,75
4890.0,60,24,75
4891.0,60,24,75
4892.0,60,24,75
4893.0,60,24,75
4894.0,60,24,75
4895.0,60,24,75
4896.0,60,24,75
4897.0,60,24,75
4898.0,60,24,75
4899.0,60,24,75
4900.0,60,24,75
4901.0,60,24,75
4902.0,60,24,75
4903.0,60,24,75
4904.0,60,24,75
4905.0,60,24,75
4906.0,60,24,75
4907.0,60,24,75
4908.0,60,24,75
4909.0,60,24,75
4910.0,60,24,75
4911.0,60,24,75
4912.0,60,24,75
4913.0,60,24,75
4914.0,60,24,75
4915.0,60,24,75
4916.0,60,24,75
4917.0,60,24,75
4918.0,60,24,75
4919.0,60,24,75
4920.0,60,24,75
4921.0,60,24,75
4922.0,60,24,75
4923.0,60,24,75
4924.0,60,24,75
4925.0,60,24,75
4926.0,60,24,75
4927.0,60,24,75
4928.0,60,24,75
4929.0,60,24,75
4930.0,60,24,75
4931.0,60,24,75
4932.0,60,24,75
4933.0,60,24,75
4934.0,60,24,75
4935.0,60,24,75
4936.0,60,24,75
4937.0,60,24,75
4938.0,60,24,75
4939.0,60,24,75
4940.0,60,24,75
4941.0,60,24,75
4942.0,60,24,75
4943.0,60,24,75
4944.0,60,24,75
4945.0,60,24,75
4946.0,60,24,75
4947.0,60,24,75
4948.0,60,24,75
4949.0,60,24,75
4950.0,60,24,75
4951.0,60,24,75
4952.0,60,24,75
4953.0,60,24,75
4954.0,60,24,75
4955.0,60,24,75
4956.0,60,24,75
4957.0,60,24,75
4958.0,60,24,75
4959.0,60,24,75
4960.0,60,24,75
4961.0,60,24,75
4962.0,60,24,75
4963.0,60,24,75
4964.0,60,24,75
4965.0,60,24,75
4966.0,60,24,75
4967.0,60,24,76
4968.0,60,24,76
4969.0,60,24,76
4970.0,60,24,76
4971.0,60,24,76
4972.0,60,24,76
4973.0,60,24,76
4974.0,60,24,76
4975.0,60,24,76
4976.0,60,24,76
4977.0,60,24,77
4978.0,60,24,77
4979.0,60,24,77
4980.0,60,24,77
4981.0,60,24,77
4982.0,60,24,77
4983.0,60,24,77
4984.0,60,24,77
4985.0,60,24,77
4986.0,60,24,77
4987.0,60,24,77
4988.0,60,24,77
4989.0,60,24,77
4990.0,60,24,77
4991.0,60,24,77
4992.0,60,24,77
4993.0,60,24,77
4994.0,60,24,77
4995.0,60,24,77
4996.0,60,24,77
4997.0,60,24,77
4998.0,60,24,77
4999.0,60,24,77
5000.0,60,24,77
5001.0,60,24,77
5002.0,60,24,77
5003.0,60,24,77
5004.0,60,24,77
5005.0,60,24,77
5006.0,60,24,77
5007.0,60,24,77
5008.0,60,24,77
5009.0,60,24,77
5010.0,60,24,77
5011.0,60,24,77
5012.0,60,24,77
5013.0,60,24,77
5014.0,60,24,77
5015.0,60,24,77
5016.0,60,24,77
5017.0,60,24,77
5018.0,60,24,77
5019.0,60,24,77
5020.0,60,24,77
5021.0,60,24,77
5022.0,60,24,77
5023.0,60,24,77
5024.0,60,24,77
5025.0,60,24,77
5026.0,60,24,77
5027.0,60,24,77
5028.0,60,24,77
5029.0,60,24,77
5030.0,60,24,77
5031.0,60,24,77
5032.0,60,24,77
5033.0,60,24,77
5034.0,60,24,77
5035.0,60,24,77
5036.0,60,24,77
5037.0,60,24,77
5038.0,60,24,77
5039.0,60,24,77
5040.0,60,24,77
5041.0,60,24,77
5042.0,60,24,77
5043.0,60,24,77
5044.0,60,24,77
5045.0,60,24,77
5046.0,60,24,77
5047.0,60,24,77
5048.0,60,24,77
5049.0,60,24,77
5050.0,60,24,77
5051.0,60,24,77
5052.0,60,24,77
5053.0,60,24,77
5054.0,60,24,77
5055.0,60,24,77
5056.0,60,24,77
5057.0,60,24,77
5058.0,60,24,77
5059.0,60,24,77
5060.0,60,24,77
5061.0,60,24,77
5062.0,60,24,77
5063.0,60,24,77
5064.0,60,24,77
5065.0,60,24,77
5066.0,60,24,77
5067.0,60,24,77
5068.0,60,24,77
5069.0,60,24,77
5070.0,60,24,77
5071.0,60,24,77
5072.0,60,24,77
5073.0,60,24,77
5074.0,60,24,77
5075.0,60,24,77
5076.0,60,24,77
5077.0,60,24,77
5078.0,60,24,77
5079.0,60,24,77
5080.0,60,24,77
5081.0,60,24,77
5082.0,60,24,77
5083.0,60,24,77
5084.0,60,24,77
5085.0,60,24,77
5086.0,60,24,77
5087.0,60,24,77
5088.0,60,24,77
5089.0,60,24,77
5090.0,60,24,77
5091.0,60,24,77
5092.0,60,24,77
5093.0,60,24,77
5094.0,60,24,77
5095.0,60,24,78
5096.0,60,24,78
5097.0,60,24,78
5098.0,60,24,78
5099.0,60,24,78
5100.0,60,24,78
5101.0,60,24,79
5102.0,60,24,79
5103.0,60,24,79
5104.0,60,24,79
5105.0,60,24,79
5106.0,60,24,79
5107.0,60,24,79
5108.0,60,24,79
5109.0,60,24,79
5110.0,60,24,79
5111.0,60,24,79
5112.0,60,24,79
5113.0,60,24,79
5114.0,60,24,79
5115.0,60,24,79
5116.0,60,24,79
5117.0,60,24,79
5118.0,60,24,79
5119.0,60,24,79
5120.0,60,24,79
5121.0,60,24,79
5122.0,60,24,79
5123.0,60,24,79
5124.0,60,24,79
5125.0,60,24,79
5126.0,60,24,79
5127.0,60,24,79
5128.0,60,24,79
5129.0,60,24,79
5130.0,60,24,79
5131.0,60,24,79
5132.0,60,24,79
5133.0,60,24,79
5134.0,60,24,79
5135.0,60,24,79
5136.0,60,24,79
5137.0,60,24,79
5138.0,60,24,79
5139.0,60,24,79
5140.0,60,24,79
5141.0,60,24,79
5142.0,60,24,79
5143.0,60,24,79
5144.0,60,24,79
5145.0,60,24,79
5146.0,60,24,79
5147.0,60,24,79
5148.0,60,24,79
5149.0,60,24,79
5150.0,60,24,79
5151.0,60,24,79
5152.0,60,24,79
5153.0,60,24,79
5154.0,60,24,79
5155.0,60,24,79
5156.0,60,24,79
5157.0,60,24,79
5158.0,60,24,79
5159.0,60,24,79
5160.0,60,24,79
5161.0,60,24,79
5162.0,60,24,79
5163.0,60,24,79
5164.0,60,24,79
5165.0,60,24,79
5166.0,60,24,79
5167.0,60,24,79
5168.0,60,24,79
5169.0,60,24,79
5170.0,60,24,79
5171.0,60,24,79
5172.0,60,24,80
5173.0,60,24,80
5174.0,60,24,80
5175.0,60,24,80
5176.0,60,24,80
5177.0,60,24,80
5178.0,60,24,80
5179.0,60,24,80
5180.0,60,24,80
5181.0,60,24,80
5182.0,60,24,80
5183.0,60,24,80
5184.0,60,24,80
5185.0,60,24,80
5186.0,60,24,80
5187.0,60,24,80
5188.0,60,24,80
5189.0,60,24,80
5190.0,60,24,80
5191.0,60,24,80
5192.0,60,24,80
5193.0,60,24,80
5194.0,60,24,80
5195.0,60,24,80
5196.0,60,24,80
5197.0,60,24,80
5198.0,60,24,80
5199.0,60,24,80
5200.0,60,24,80
5201.0,60,24,80
5202.0,60,24,80
5203.0,60,24,80
5204.0,60,24,80
5205.0,60,24,80
5206.0,60,24,80
5207.0,60,24,80
5208.0,60,24,80
5209.0,60,24,80
5210.0,60,24,80
5211.0,60,24,80
5212.0,60,24,80
5213.0,60,24,80
5214.0,60,24,80
5215.0,60,24,80
5216.0,60,24,80
5217.0,60,24,80
5218.0,60,24,80
5219.0,60,24,80
5220.0,60,24,80
5221.0,60,24,80
5222.0,60,24,80
5223.0,60,24,80
5224.0,60,24,80
5225.0,60,24,80
5226.0,60,24,80
5227.0,60,24,80
5228.0,60,24,80
5229.0,60,24,80
5230.0,60,24,80
5231.0,60,24,80
5232.0,60,24,80
5233.0,60,24,80
5234.0,60,24,80
5235.0,60,24,80
5236.0,60,24,80
5237.0,60,24,80
5238.0,60,24,80
5239.0,60,24,80
5240.0,60,24,80
5241.0,60,24,80
5242.0,60,24,80
5243.0,60,24,80
5244.0,60,24,80
5245.0,60,24,80
5246.0,60,24,80
5247.0,60,24,80
5248.0,60,24,80
5249.0,60,24,80
5250.0,60,24,80
5251.0,60,24,80
5252.0,60,24,80
5253.0,60,24,80
5254.0,60,24,80
5255.0,60,24,80
5256.0,60,24,80
5257.0,60,24,80
5258.0,60,24,80
5259.0,60,24,80
5260.0,60,24,80
5261.0,60,24,80
5262.0,60,24,80
5263.0,60,24,80
5264.0,60,24,80
5265.0,60,24,80
5266.0,60,24,80
5267.0,60,24,80
5268.0,60,24,80
5269.0,60,24,80
5270.0,60,24,80
5271.0,60,24,80
5272.0,60,24,80
5273.0,60,24,80
5274.0,60,24,80
5275.0,60,24,80
5276.0,60,24,80
5277.0,60,24,80
5278.0,60,24,80
5279.0,60,24,80
5280.0,60,24,80
5281.0,60,24,80
5282.0,60,24,80
5283.0,60,24,80
5284.0,60,24,80
5285.0,60,24,80
5286.0,60,24,80
5287.0,60,24,80
5288.0,60,24,80
5289.0,60,24,80
5290.0,60,24,80
5291.0,60,24,80
5292.0,60,24,80
5293.0,60,24,80
5294.0,60,24,80
5295.0,60,24,80
5296.0,60,24,80
5297.0,60,24,80
5298.0,60,24,80
5299.0,60,24,80
5300.0,60,24,80
5301.0,60,24,80
5302.0,60,24,80
5303.0,60,24,80
5304.0,60,24,80
5305.0,60,24,80
5306.0,60,24,80
5307.0,60,24,80
5308.0,60,24,80
5309.0,60,24,80
5310.0,60,24,80
5311.0,60,24,80
5312.0,60,24,80
5313.0,60,24,80
5314.0,60,24,80
5315.0,60,24,80
5316.0,60,24,80
5317.0,60,24,80
5318.0,60,24,80
5319.0,60,24,80
5320.0,60,24,80
5321.0,60,24,80
5322.0,60,24,80
5323.0,60,24,80
5324.0,60,24,80
5325.0,60,24,80
5326.0,60,24,80
5327.0,60,24,80
5328.0,60,24,80
5329.0,60,24,80
5330.0,60,24,80
5331.0,60,24,80
5332.0,60,24,80
5333.0,60,24,80
5334.0,60,24,80
5335.0,60,24,80
5336.0,60,24,80
5337.0,60,24,80
5338.0,60,24,81
5339.0,60,24,81
5340.0,60,24,81
5341.0,60,24,81
5342.0,60,24,81
5343.0,60,24,81
5344.0,60,24,81
5345.0,60,24,81
5346.0,60,24,81
5347.0,60,24,81
5348.0,60,24,81
5349.0,60,24,81
5350.0,60,24,81
5351.0,60,24,81
5352.0,60,24,81
5353.0,60,24,81
5354.0,60,24,81
5355.0,60,24,81
5356.0,60,24,81
5357.0,60,24,81
5358.0,60,24,81
5359.0,60,24,82
5360.0,60,24,82
5361.0,60,24,82
5362.0,60,24,82
5363.0,60,24,82
5364.0,60,24,82
5365.0,60,24,82
5366.0,60,24,82
5367.0,60,24,82
5368.0,60,24,82
5369.0,60,24,82
5370.0,60,24,82
5371.0,60,24,82
5372.0,60,24,82
5373.0,60,24,82
5374.0,60,24,82
5375.0,60,24,82
5376.0,60,24,83
5377.0,60,24,83
5378.0,60,24,83
5379.0,60,24,83
5380.0,60,24,83
5381.0,60,24,83
5382.0,60,24,83
5383.0,60,24,83
5384.0,60,24,83
5385.0,60,24,83
5386.0,60,24,83
5387.0,60,24,83
5388.0,60,24,83
5389.0,60,24,83
5390.0,60,24,83
5391.0,60,24,83
5392.0,60,24,83
5393.0,60,24,83
5394.0,60,24,83
5395.0,60,24,83
5396.0,60,24,83
5397.0,60,24,83
5398.0,60,24,83
5399.0,60,24,83
5400.0,60,24,83
5401.0,60,24,83
5402.0,60,24,83
5403.0,60,24,83
5404.0,60,24,83
5405.0,60,24,83
5406.0,60,24,83
5407.0,60,24,83
5408.0,60,24,83
5409.0,60,24,83
5410.0,60,24,83
5411.0,60,24,83
5412.0,60,24,83
5413.0,60,24,83
5414.0,60,24,83
5415.0,60,24,83
5416.0,60,24,83
5417.0,60,24,83
5418.0,60,24,83
5419.0,60,24,83
5420.0,60,24,83
5421.0,60,24,83
5422.0,60,24,83
5423.0,60,24,83
5424.0,60,24,83
5425.0,60,24,83
5426.0,60,24,83
5427.0,60,24,83
5428.0,60,24,83
5429.0,60,24,83
5430.0,60,24,83
5431.0,60,24,83
5432.0,60,24,83
5433.0,60,24,83
5434.0,60,24,83
5435.0,60,24,83
5436.0,60,24,83
5437.0,60,24,83
5438.0,60,24,83
5439.0,60,24,83
5440.0,60,24,83
5441.0,60,24,83
5442.0,60,24,83
5443.0,60,24,83
5444.0,60,24,83
5445.0,60,24,83
5446.0,60,24,83
5447.0,60,24,83
5448.0,60,24,83
5449.0,60,24,83
5450.0,60,24,83
5451.0,60,24,83
5452.0,60,24,83
5453.0,60,24,83
5454.0,60,24,83
5455.0,60,24,83
5456.0,60,24,83
5457.0,60,24,83
5458.0,60,24,83
5459.0,60,24,83
5460.0,60,24,83
5461.0,60,24,83
5462.0,60,24,83
5463.0,60,24,83
5464.0,60,24,83
5465.0,60,24,83
5466.0,60,24,83
5467.0,60,24,83
5468.0,60,24,83
5469.0,60,24,83
5470.0,60,24,83
5471.0,60,24,83
5472.0,60,24,83
5473.0,60,24,83
5474.0,60,24,83
5475.0,60,24,83
5476.0,60,24,83
5477.0,60,24,83
5478.0,60,24,83
5479.0,60,24,83
5480.0,60,24,83
5481.0,60,24,83
5482.0,60,24,83
5483.0,60,24,83
5484.0,60,24,83
5485.0,60,24,83
5486.0,60,24,83
5487.0,60,24,83
5488.0,60,24,83
5489.0,60,24,83
5490.0,60,24,83
5491.0,60,24,83
5492.0,60,24,83
5493.0,60,24,83
5494.0,60,24,83
5495.0,60,24,83
5496.0,60,24,83
5497.0,60,24,83
5498.0,60,24,83
5499.0,60,24,83
5500.0,60,24,83
5501.0,60,24,83
5502.0,60,24,83
5503.0,60,24,83
5504.0,60,24,83
5505.0,60,24,83
5506.0,60,24,83
5507.0,60,24,83
5508.0,60,24,83
5509.0,60,24,83
5510.0,60,24,83
5511.0,60,24,83
5512.0,60,24,83
5513.0,60,24,83
5514.0,60,24,83
5515.0,60,24,83
5516.0,60,24,83
5517.0,60,24,83
5518.0,60,24,83
5519.0,60,24,83
5520.0,60,24,83
5521.0,60,24,83
5522.0,60,24,83
5523.0,60,24,83
5524.0,60,24,83
5525.0,60,24,83
5526.0,60,24,83
5527.0,60,24,83
5528.0,60,24,83
5529.0,60,24,83
5530.0,60,24,83
5531.0,60,24,83
5532.0,60,24,83
5533.0,60,24,83
5534.0,60,24,83
5535.0,60,24,83
5536.0,60,24,83
5537.0,60,24,83
5538.0,60,24,83
5539.0,60,24,83
5540.0,60,24,83
5541.0,60,24,83
5542.0,60,24,83
5543.0,60,24,83
5544.0,60,24,83
5545.0,60,24,83
5546.0,60,24,83
5547.0,60,24,83
5548.0,60,24,83
5549.0,60,24,83
5550.0,60,24,83
5551.0,60,24,83
5552.0,60,24,83
5553.0,60,24,83
5554.0,60,24,83
5555.0,60,24,83
5556.0,60,24,83
5557.0,60,24,83
5558.0,60,24,83
5559.0,60,24,83
5560.0,60,24,83
5561.0,60,24,83
5562.0,60,24,83
5563.0,60,24,83
5564.0,60,24,83
5565.0,60,24,83
5566.0,60,24,83
5567.0,60,24,83
5568.0,60,24,83
5569.0,60,24,83
5570.0,60,24,83
5571.0,60,24,83
5572.0,60,24,83
5573.0,60,24,83
5574.0,60,24,83
5575.0,60,24,83
5576.0,60,24,83
5577.0,60,24,83
5578.0,60,24,83
5579.0,60,24,83
5580.0,60,24,83
5581.0,60,24,83
5582.0,60,24,83
5583.0,60,24,83
5584.0,60,24,83
5585.0,60,24,83
5586.0,60,24,83
5587.0,60,24,83
5588.0,60,24,83
5589.0,60,24,83
5590.0,60,24,83
5591.0,60,24,83
5592.0,60,24,83
5593.0,60,24,83
5594.0,60,24,83
5595.0,60,24,83
5596.0,60,24,83
5597.0,60,24,83
5598.0,60,24,83
5599.0,60,24,83
5600.0,60,24,83
5601.0,60,24,83
5602.0,60,24,83
5603.0,60,24,83
5604.0,60,24,83
5605.0,60,24,83
5606.0,60,24,83
5607.0,60,24,83
5608.0,60,24,83
5609.0,60,24,83
5610.0,60,24,83
5611.0,60,24,83
5612.0,60,24,83
5613.0,60,24,83
5614.0,60,24,83
5615.0,60,24,83
5616.0,60,24,83
5617.0,60,24,83
5618.0,60,24,83
5619.0,60,24,83
5620.0,60,24,83
5621.0,60,24,83
5622.0,60,24,83
5623.0,60,24,83
5624.0,60,24,83
5625.0,60,24,83
5626.0,60,24,83
5627.0,60,24,83
5628.0,60,24,83
5629.0,60,24,83
5630.0,60,24,83
5631.0,60,24,83
5632.0,60,24,83
5633.0,60,24,83
5634.0,60,24,83
5635.0,60,24,83
5636.0,60,24,83
5637.0,60,24,83
5638.0,60,24,83
5639.0,60,24,83
5640.0,60,24,83
5641.0,60,24,83
5642.0,60,24,84
5643.0,60,24,84
5644.0,60,24,84
5645.0,60,24,84
5646.0,60,24,84
5647.0,60,24,84
5648.0,60,24,84
5649.0,60,24,84
5650.0,60,24,84
5651.0,60,24,84
5652.0,60,24,84
5653.0,60,24,84
5654.0,60,24,84
5655.0,60,24,84
5656.0,60,24,84
5657.0,60,24,84
5658.0,60,24,84
5659.0,60,24,84
5660.0,60,24,84
5661.0,60,24,84
5662.0,60,24,84
5663.0,60,24,84
5664.0,60,24,84
5665.0,60,24,84
5666.0,60,24,84
5667.0,60,24,84
5668.0,60,24,84
5669.0,60,24,84
5670.0,60,24,84
5671.0,60,24,84
5672.0,60,24,84
5673.0,60,24,84
5674.0,60,24,84
5675.0,60,24,84
5676.0,60,24,84
5677.0,60,24,84
5678.0,60,24,84
5679.0,60,24,84
5680.0,60,24,84
5681.0,60,24,84
5682.0,60,24,84
5683.0,60,24,84
5684.0,60,24,84
5685.0,60,24,84
5686.0,60,24,84
5687.0,60,24,84
5688.0,60,24,84
5689.0,60,24,84
5690.0,60,24,84
5691.0,60,24,84
5692.0,60,24,84
5693.0,60,24,84
5694.0,60,24,84
5695.0,60,24,84
5696.0,60,24,84
5697.0,60,24,84
5698.0,60,24,84
5699.0,60,24,84
5700.0,60,24,84
5701.0,60,24,84
5702.0,60,24,84
5703.0,60,24,84
5704.0,60,24,84
5705.0,60,24,84
5706.0,60,24,84
5707.0,60,24,84
5708.0,60,24,84
5709.0,60,24,84
5710.0,60,24,84
5711.0,60,24,84
5712.0,60,24,84
5713.0,60,24,84
5714.0,60,24,84
5715.0,60,24,84
5716.0,60,24,84
5717.0,60,24,84
5718.0,60,24,84
5719.0,60,24,84
5720.0,60,24,84
5721.0,60,24,84
5722.0,60,24,84
5723.0,60,24,84
5724.0,60,24,84
5725.0,60,24,84
5726.0,60,24,84
5727.0,60,24,84
5728.0,60,24,84
5729.0,60,24,84
5730.0,60,24,84
5731.0,60,24,84
5732.0,60,24,84
5733.0,60,24,84
5734.0,60,24,84
5735.0,60,24,84
5736.0,60,24,84
5737.0,60,24,84
5738.0,60,24,84
5739.0,60,24,84
5740.0,60,24,84
5741.0,60,24,85
5742.0,60,24,85
5743.0,60,24,85
5744.0,60,24,85
5745.0,60,24,85
5746.0,60,24,85
5747.0,60,24,85
5748.0,60,24,85
5749.0,60,24,85
5750.0,60,24,85
5751.0,60,24,85
5752.0,60,24,86
5753.0,60,24,86
5754.0,60,24,86
5755.0,60,24,86
5756.0,60,24,86
5757.0,60,24,86
5758.0,60,24,86
5759.0,60,24,86
5760.0,60,24,86
5761.0,60,24,86
5762.0,60,24,86
5763.0,60,24,86
5764.0,60,24,86
5765.0,60,24,86
5766.0,60,24,86
5767.0,60,24,86
5768.0,60,24,86
5769.0,60,24,86
5770.0,60,24,86
5771.0,60,24,86
5772.0,60,24,86
5773.0,60,24,86
5774.0,60,24,86
5775.0,60,24,86
5776.0,60,24,86
5777.0,60,24,86
5778.0,60,24,86
5779.0,60,24,86
5780.0,60,24,86
5781.0,60,24,86
5782.0,60,24,86
5783.0,60,24,86
5784.0,60,24,86
5785.0,60,24,86
5786.0,60,24,86
5787.0,60,24,86
5788.0,60,24,86
5789.0,60,24,86
5790.0,60,24,86
5791.0,60,24,86
5792.0,60,24,86
5793.0,60,24,86
5794.0,60,24,86
5795.0,60,24,86
5796.0,60,24,86
5797.0,60,24,86
5798.0,60,24,86
5799.0,60,24,86
5800.0,60,24,86
5801.0,60,24,86
5802.0,60,24,86
5803.0,60,24,86
5804.0,60,24,86
5805.0,60,24,86
5806.0,60,24,86
5807.0,60,24,86
5808.0,60,24,86
5809.0,60,24,86
5810.0,60,24,86
5811.0,60,24,86
5812.0,60,24,86
5813.0,60,24,86
5814.0,60,24,86
5815.0,60,24,86
5816.0,60,24,86
5817.0,60,24,86
5818.0,60,24,86
5819.0,60,24,86
5820.0,60,24,86
5821.0,60,24,86
5822.0,60,24,86
5823.0,60,24,86
5824.0,60,24,86
5825.0,60,24,86
5826.0,60,24,86
5827.0,60,24,86
5828.0,60,24,86
5829.0,60,24,86
5830.0,60,24,86
5831.0,60,24,86
5832.0,60,24,86
5833.0,60,24,86
5834.0,60,24,86
5835.0,60,24,86
5836.0,60,24,86
5837.0,60,24,86
5838.0,60,24,86
5839.0,60,24,86
5840.0,60,24,86
5841.0,60,24,86
5842.0,60,24,86
5843.0,60,24,86
5844.0,60,24,86
5845.0,60,24,86
5846.0,60,24,86
5847.0,60,24,86
5848.0,60,24,86
5849.0,60,24,86
5850.0,60,24,86
5851.0,60,24,86
5852.0,60,24,86
5853.0,60,24,86
5854.0,60,24,86
5855.0,60,24,86
5856.0,60,24,86
5857.0,60,24,86
5858.0,60,24,86
5859.0,60,24,86
5860.0,60,24,86
5861.0,60,24,86
5862.0,60,24,86
5863.0,60,24,86
5864.0,60,24,86
5865.0,60,24,86
5866.0,60,24,86
5867.0,60,24,86
5868.0,60,24,86
5869.0,60,24,86
5870.0,60,24,86
5871.0,60,24,86
5872.0,60,24,86
5873.0,60,24,86
5874.0,60,24,86
5875.0,60,24,86
5876.0,60,24,86
5877.0,60,24,86
5878.0,60,24,86
5879.0,60,24,87
5880.0,60,24,87
5881.0,60,24,87
5882.0,60,24,87
5883.0,60,24,87
5884.0,60,24,87
5885.0,60,24,87
5886.0,60,24,87
5887.0,60,24,87
5888.0,60,24,87
5889.0,60,24,87
5890.0,60,24,87
5891.0,60,24,87
5892.0,60,24,87
5893.0,60,24,87
5894.0,60,24,87
5895.0,60,24,87
5896.0,60,24,87
5897.0,60,24,87
5898.0,60,24,87
5899.0,60,24,87
5900.0,60,24,87
5901.0,60,24,87
5902.0,60,24,87
5903.0,60,24,87
5904.0,60,24,87
5905.0,60,24,87
5906.0,60,24,87
5907.0,60,24,87
5908.0,60,24,87
5909.0,60,24,87
5910.0,60,24,87
5911.0,60,24,87
5912.0,60,24,87
5913.0,60,24,87
5914.0,60,24,87
5915.0,60,24,87
5916.0,60,24,87
5917.0,60,24,87
5918.0,60,24,87
5919.0,60,24,87
5920.0,60,24,87
5921.0,60,24,87
5922.0,60,24,87
5923.0,60,24,87
5924.0,60,24,87
5925.0,60,24,87
5926.0,60,24,87
5927.0,60,24,87
5928.0,60,24,87
5929.0,60,24,87
5930.0,60,24,87
5931.0,60,24,87
5932.0,60,24,87
5933.0,60,24,87
5934.0,60,24,87
5935.0,60,24,87
5936.0,60,24,87
5937.0,60,24,87
5938.0,60,24,87
5939.0,60,24,87
5940.0,60,24,87
5941.0,60,24,87
5942.0,60,24,87
5943.0,60,24,87
5944.0,60,24,87
5945.0,60,24,87
5946.0,60,24,87
5947.0,60,24,87
5948.0,60,24,87
5949.0,60,24,87
5950.0,60,24,87
5951.0,60,24,87
5952.0,60,24,87
5953.0,60,24,87
5954.0,60,24,87
5955.0,60,24,87
5956.0,60,24,87
5957.0,60,24,87
5958.0,60,24,87
5959.0,60,24,87
5960.0,60,24,87
5961.0,60,24,87
5962.0,60,24,87
5963.0,60,24,87
5964.0,60,24,87
5965.0,60,24,87
5966.0,60,24,87
5967.0,60,24,87
5968.0,60,24,87
5969.0,60,24,87
5970.0,60,24,87
5971.0,60,24,87
5972.0,60,24,87
5973.0,60,24,87
5974.0,60,24,87
5975.0,60,24,87
5976.0,60,24,87
5977.0,60,24,87
5978.0,60,24,87
5979.0,60,24,87
5980.0,60,24,87
5981.0,60,24,88
5982.0,60,24,88
5983.0,60,24,88
5984.0,60,24,88
5985.0,60,24,88
5986.0,60,24,88
5987.0,60,24,88
5988.0,60,24,88
5989.0,60,24,88
5990.0,60,24,88
5991.0,60,24,88
5992.0,60,24,88
5993.0,60,24,88
5994.0,60,24,88
5995.0,60,24,88
5996.0,60,24,88
5997.0,60,24,88
5998.0,60,24,88
5999.0,60,24,88
6000.0,60,24,88
6001.0,60,24,88
6002.0,60,24,88
6003.0,60,24,89
6004.0,60,24,89
6005.0,60,24,89
6006.0,60,24,89
6007.0,60,24,89
6008.0,60,24,89
6009.0,60,24,89
6010.0,60,24,90
6011.0,60,24,90
6012.0,60,24,90
6013.0,60,24,90
6014.0,60,24,90
6015.0,60,24,90
6016.0,60,24,90
6017.0,60,24,90
6018.0,60,24,90
6019.0,60,24,90
6020.0,60,24,90
6021.0,60,24,90
6022.0,60,24,90
6023.0,60,24,90
6024.0,60,24,90
6025.0,60,24,90
6026.0,60,24,90
6027.0,60,24,90
6028.0,60,24,90
6029.0,60,24,90
6030.0,60,24,90
6031.0,60,24,90
6032.0,60,24,90
6033.0,60,24,90
6034.0,60,24,90
6035.0,60,24,90
6036.0,60,24,90
6037.0,60,24,90
6038.0,60,24,90
6039.0,60,24,90
6040.0,60,24,90
6041.0,60,24,90
6042.0,60,24,90
6043.0,60,24,90
6044.0,60,24,91
6045.0,60,24,91
6046.0,60,24,91
6047.0,60,24,91
6048.0,60,24,91
6049.0,60,24,91
6050.0,60,24,91
6051.0,60,24,91
6052.0,60,24,91
6053.0,60,24,91
6054.0,60,24,91
6055.0,60,24,91
6056.0,60,24,91
6057.0,60,24,91
6058.0,60,24,91
6059.0,60,24,91
6060.0,60,24,91
6061.0,60,24,91
6062.0,60,24,91
6063.0,60,24,91
6064.0,60,24,91
6065.0,60,24,91
6066.0,60,24,91
6067.0,60,24,91
6068.0,60,24,91
6069.0,60,24,91
6070.0,60,24,91
6071.0,60,24,91
6072.0,60,24,91
6073.0,60,24,91
6074.0,60,24,91
6075.0,60,24,91
6076.0,60,24,91
6077.0,60,24,91
6078.0,60,24,91
6079.0,60,24,91
6080.0,60,24,91
6081.0,60,24,91
6082.0,60,24,91
6083.0,60,24,91
6084.0,60,24,91
6085.0,60,24,91
6086.0,60,24,91
6087.0,60,24,91
6088.0,60,24,91
6089.0,60,24,91
6090.0,60,24,91
6091.0,60,24,91
6092.0,60,24,91
6093.0,60,24,91
6094.0,60,24,91
6095.0,60,24,91
6096.0,60,24,91
6097.0,60,24,91
6098.0,60,24,91
6099.0,60,24,91
6100.0,60,24,91
6101.0,60,24,91
6102.0,60,24,91
6103.0,60,24,91
6104.0,60,24,91
6105.0,60,24,91
6106.0,60,24,91
6107.0,60,24,91
6108.0,60,24,91
6109.0,60,24,91
6110.0,60,24,91
6111.0,60,24,91
6112.0,60,24,91
6113.0,60,24,91
6114.0,60,24,91
6115.0,60,24,91
6116.0,60,24,91
6117.0,60,24,91
6118.0,60,24,91
6119.0,60,24,91
6120.0,60,24,91
6121.0,60,24,91
6122.0,60,24,91
6123.0,60,24,91
6124.0,60,24,91
6125.0,60,24,91
6126.0,60,24,91
6127.0,60,24,91
6128.0,60,24,91
6129.0,60,24,91
6130.0,60,24,91
6131.0,60,24,91
6132.0,60,24,91
6133.0,60,24,91
6134.0,60,24,91
6135.0,60,24,91
6136.0,60,24,91
6137.0,60,24,91
6138.0,60,24,91
6139.0,60,24,91
6140.0,60,24,91
6141.0,60,24,91
6142.0,60,24,91
6143.0,60,24,91
6144.0,60,24,91
6145.0,60,24,91
6146.0,60,24,91
6147.0,60,24,91
6148.0,60,24,91
6149.0,60,24,91
6150.0,60,24,91
6151.0,60,24,91
6152.0,60,24,91
6153.0,60,24,91
6154.0,60,24,91
6155.0,60,24,91
6156.0,60,24,91
6157.0,60,24,91
6158.0,60,24,91
6159.0,60,24,91
6160.0,60,24,91
6161.0,60,24,91
6162.0,60,24,91
6163.0,60,24,91
6164.0,60,24,91
6165.0,60,24,91
6166.0,60,24,91
6167.0,60,24,91
6168.0,60,24,91
6169.0,60,24,91
6170.0,60,24,91
6171.0,60,24,91
6172.0,60,24,91
6173.0,60,24,91
6174.0,60,24,91
6175.0,60,24,91
6176.0,60,24,91
6177.0,60,24,91
6178.0,60,24,91
6179.0,60,24,91
6180.0,60,24,91
6181.0,60,24,91
6182.0,60,24,91
6183.0,60,24,91
6184.0,60,24,91
6185.0,60,24,91
6186.0,60,24,91
6187.0,60,24,91
6188.0,60,24,91
6189.0,60,24,91
6190.0,60,24,91
6191.0,60,24,91
6192.0,60,24,91
6193.0,60,24,91
6194.0,60,24,91
6195.0,60,24,91
6196.0,60,24,91
6197.0,60,24,91
6198.0,60,24,91
6199.0,60,24,91
6200.0,60,24,91
6201.0,60,24,91
6202.0,60,24,91
6203.0,60,24,91
6204.0,60,24,91
6205.0,60,24,91
6206.0,60,24,91
6207.0,60,24,91
6208.0,60,24,91
6209.0,60,24,91
6210.0,60,24,91
6211.0,60,24,91
6212.0,60,24,91
6213.0,60,24,91
6214.0,60,24,91
6215.0,60,24,91
6216.0,60,24,91
6217.0,60,24,91
6218.0,60,24,91
6219.0,60,24,91
6220.0,60,24,91
6221.0,60,24,91
6222.0,60,24,91
6223.0,60,24,91
6224.0,60,24,91
6225.0,60,24,91
6226.0,60,24,91
6227.0,60,24,91
6228.0,60,24,91
6229.0,60,24,91
6230.0,60,24,91
6231.0,60,24,91
6232.0,60,24,91
6233.0,60,24,91
6234.0,60,24,91
6235.0,60,24,91
6236.0,60,24,91
6237.0,60,24,91
6238.0,60,24,91
6239.0,60,24,91
6240.0,60,24,91
6241.0,60,24,91
6242.0,60,24,91
6243.0,60,24,91
6244.0,60,24,91
6245.0,60,24,91
6246.0,60,24,91
6247.0,60,24,91
6248.0,60,24,91
6249.0,60,24,91
6250.0,60,24,91
6251.0,60,24,91
6252.0,60,24,91
6253.0,60,24,91
6254.0,60,24,91
6255.0,60,24,91
6256.0,60,24,91
6257.0,60,24,91
6258.0,60,24,91
6259.0,60,24,91
6260.0,60,24,91
6261.0,60,24,91
6262.0,60,24,91
6263.0,60,24,91
6264.0,60,24,91
6265.0,60,24,91
6266.0,60,24,91
6267.0,60,24,91
6268.0,60,24,91
6269.0,60,24,91
6270.0,60,24,91
6271.0,60,24,91
6272.0,60,24,91
6273.0,60,24,91
6274.0,60,24,91
6275.0,60,24,91
6276.0,60,24,91
6277.0,60,24,91
6278.0,60,24,91
6279.0,60,24,91
6280.0,60,24,91
6281.0,60,24,91
6282.0,60,24,91
6283.0,60,24,91
6284.0,60,24,91
6285.0,60,24,91
6286.0,60,24,91
6287.0,60,24,91
6288.0,60,24,91
6289.0,60,24,91
6290.0,60,24,91
6291.0,60,24,91
6292.0,60,24,91
6293.0,60,24,91
6294.0,60,24,91
6295.0,60,24,91
6296.0,60,24,91
6297.0,60,24,91
6298.0,60,24,91
6299.0,60,24,91
